,Country,Year,Happy Score,Population,Life Expectancy,GDP_USD,GDP_per_capita_USD,CO2 emission (Tons)
0,Argentina,2005,6.07315826416016,38892924.0,74.1,198737000000.0,5109.852245,5690959659.0
1,Argentina,2006,5.96103429794312,39289876.0,74.0,232557000000.0,5919.012338,5865568651.0
2,Argentina,2007,6.42413330078125,39684303.0,74.1,287531000000.0,7245.446857,6039814411.0
3,Argentina,2008,6.44106721878052,40080159.0,74.1,361558000000.0,9020.873323,6227920411.0
4,Argentina,2009,6.77580547332764,40482786.0,74.7,332976000000.0,8225.137583,6406869611.0
5,Argentina,2010,6.46838712692261,40895751.0,74.9,423627000000.0,10385.96443,6593602747.0
6,Argentina,2011,6.58226013183594,41320497.0,75.2,530163000000.0,12848.8642,6783876521.0
7,Argentina,2012,6.67111444473267,41755188.0,74.8,545982000000.0,13082.66433,6975591369.0
8,Argentina,2013,6.69713068008423,42196034.0,75.4,552025000000.0,13080.25473,7165724742.0
9,Argentina,2014,6.42722129821777,42637508.0,75.6,526320000000.0,12334.79825,7354381844.0
10,Argentina,2015,6.03933000564575,43075416.0,75.5,594749000000.0,13789.06042,7546787804.0
11,Argentina,2016,5.79279661178589,43508459.0,75.7,557531000000.0,12790.24247,7737764998.0
12,Argentina,2017,6.08556079864502,43937143.0,75.9,643629000000.0,14613.04182,7925569727.0
13,Argentina,2018,5.90056705474854,44361150.0,76.0,524820000000.0,11795.15939,8106669354.0
14,Argentina,2019,5.92929983139038,44780675.0,76.2,452818000000.0,10076.35524,8274234941.0
15,Argentina,2020,5.96700000762939,45195777.0,76.3,389591000000.0,8585.694742,8431213004.0
16,Bangladesh,2005,4.60732221603394,139035505.0,65.3,69442943089.0,499.4619402,584171704.0
17,Bangladesh,2006,5.05227851867676,140921154.0,65.8,71819083684.0,509.6401899,625860872.0
18,Bangladesh,2007,5.08285140991211,142660381.0,66.3,79611888213.0,558.0518407,668503000.0
19,Bangladesh,2008,4.85848140716553,144304164.0,66.8,91631278239.0,634.9870697,713803872.0
20,Bangladesh,2009,4.98564910888672,145924795.0,67.3,102478000000.0,702.2644196,762951944.0
21,Bangladesh,2010,4.7244439125061,147575433.0,67.8,115279000000.0,781.1535777,816943497.0
22,Bangladesh,2011,4.66016101837158,149273134.0,68.2,128638000000.0,861.7621622,873499841.0
23,Bangladesh,2012,4.63556480407715,151005733.0,68.6,133356000000.0,883.1171296,934191161.0
24,Bangladesh,2013,4.63347387313843,152761413.0,69.1,149990000000.0,981.8608514,995972826.0
25,Bangladesh,2014,4.5561408996582,154517385.0,69.5,172885000000.0,1118.873808,1061951464.0
26,Bangladesh,2015,4.3097710609436,156256287.0,69.9,195079000000.0,1248.45331,1135228712.0
27,Bangladesh,2016,4.49921703338623,157977151.0,73.0,265236000000.0,1678.95323,1211705809.0
28,Bangladesh,2017,5.11421680450439,159685421.0,77.0,293755000000.0,1839.583378,1292649322.0
29,Bangladesh,2018,5.27998685836792,161376713.0,71.0,321379000000.0,1991.483267,1375249258.0
30,Bangladesh,2019,5.0246000289917,163046173.0,71.4,351238000000.0,2154.226819,1469464282.0
31,Bangladesh,2020,5.15549993515015,164689383.0,71.8,373902000000.0,2270.347535,1562305907.0
32,Bolivia,2005,5.62841939926147,9232301.0,65.312,9549077919.0,1034.311806,252115175.0
33,Bolivia,2006,5.29787254333496,9395449.0,65.853,11451869202.0,1218.874074,263662889.0
34,Bolivia,2007,6.08557939529419,9558438.0,66.395,13120183208.0,1372.628374,276325429.0
35,Bolivia,2008,5.78062009811401,9721457.0,66.937,16674324662.0,1715.208395,289879151.0
36,Bolivia,2009,5.77887439727783,9884790.0,67.476,17339992194.0,1754.209467,304108591.0
37,Bolivia,2010,6.0188946723938,10048597.0,68.007,19649631308.0,1955.460181,319534555.0
38,Bolivia,2011,5.76742887496948,10212951.0,68.521,23963033429.0,2346.337844,336526971.0
39,Bolivia,2012,5.8647985458374,10377677.0,69.01,27084497482.0,2609.880562,354305885.0
40,Bolivia,2013,5.83432912826538,10542375.0,69.468,30659338886.0,2908.200371,373399755.0
41,Bolivia,2014,5.76972341537476,10706517.0,69.891,32996188017.0,3081.878824,394116472.0
42,Bolivia,2015,5.65055274963379,10869732.0,70.277,33000198249.0,3035.971655,415394141.0
43,Bolivia,2016,5.91573429107666,11031822.0,70.626,33941126194.0,3076.656439,438189638.0
44,Bolivia,2017,5.67427062988281,11192853.0,70.945,37508642171.0,3351.124344,461751406.0
45,Bolivia,2018,5.55925893783569,11353140.0,71.239,40287647931.0,3548.59078,485607227.0
46,Bolivia,2019,5.71589994430542,11513102.0,71.513,40895322851.0,3552.068144,509454941.0
47,Bolivia,2020,5.60029983520508,11673029.0,68.763,36629843806.0,3137.989617,530154964.0
48,Brazil,2005,6.3206729888916,186127108.0,75.0,891634000000.0,4790.456566,9225451782.0
49,Brazil,2006,6.69142484664917,188167353.0,71.0,1107630000000.0,5886.391522,9594322782.0
50,Brazil,2007,7.00083160400391,190130445.0,71.4,1397110000000.0,7348.187963,9984895782.0
51,Brazil,2008,6.83733129501343,192030362.0,71.8,1695860000000.0,8831.183643,10397533782.0
52,Brazil,2009,7.03781652450562,193886505.0,72.0,1667000000000.0,8597.794335,10787308782.0
53,Brazil,2010,6.66000366210938,195713637.0,72.7,2208840000000.0,11286.07154,11227577782.0
54,Brazil,2011,7.14028263092041,197514541.0,73.0,2616160000000.0,13245.38737,11690157782.0
55,Brazil,2012,6.98099899291992,199287292.0,73.3,2465230000000.0,12370.22325,12188466782.0
56,Brazil,2013,6.54689693450928,201035904.0,73.4,2472820000000.0,12300.38671,12720884782.0
57,Brazil,2014,6.37481737136841,202763744.0,73.6,2456040000000.0,12112.83496,13278785782.0
58,Brazil,2015,6.3329291343689,204471759.0,73.8,1802210000000.0,8813.989806,13808138782.0
59,Brazil,2016,6.19092178344727,206163056.0,74.1,1795690000000.0,8710.06329,14300886782.0
60,Brazil,2017,6.45114898681641,207833825.0,74.5,2063510000000.0,9928.675897,14801644497.0
61,Brazil,2018,6.10971784591675,209469320.0,74.7,1916930000000.0,9151.381732,15285329785.0
62,Brazil,2019,6.33010005950928,211049519.0,74.8,1873290000000.0,8876.059836,15771122931.0
63,Brazil,2020,6.292799949646,212559409.0,75.0,1448570000000.0,6814.875632,16238506431.0
64,Cambodia,2005,4.15597105026245,13273355.0,57.7,6293046162.0,474.1111921,40051143.0
65,Cambodia,2006,4.4621639251709,13477705.0,58.5,7274595707.0,539.7503289,43048295.0
66,Cambodia,2007,4.11062574386597,13679953.0,59.3,8639235842.0,631.5252576,46519437.0
67,Cambodia,2008,4.14107227325439,13883835.0,63.0,10351914093.0,745.609127,50400809.0
68,Cambodia,2009,4.16122531890869,14093605.0,61.5,10401851851.0,738.0547312,54957895.0
69,Cambodia,2010,3.89870691299438,14312205.0,62.9,11242275199.0,785.5026671,60058259.0
70,Cambodia,2011,3.67446684837341,14541421.0,64.1,12829541141.0,882.275614,65252349.0
71,Cambodia,2012,3.88330554962158,14780454.0,65.0,14054443213.0,950.880346,70703789.0
72,Cambodia,2013,4.16216468811035,15026330.0,65.6,15227991395.0,1013.420536,76281895.0
73,Cambodia,2014,4.46125936508179,15274506.0,66.1,16702610842.0,1093.495976,82775697.0
74,Cambodia,2015,4.58584213256836,15521435.0,66.6,18049954289.0,1162.904995,91302231.0
75,Cambodia,2016,5.1218376159668,15766290.0,67.0,20016747754.0,1269.591499,101835559.0
76,Cambodia,2017,4.99828481674194,16009413.0,67.4,22177200512.0,1385.260066,114710465.0
77,Cambodia,2018,4.3769850730896,16249795.0,67.8,24571753583.0,1512.126989,127589078.0
78,Cambodia,2019,4.83039999008179,16486542.0,68.3,27089389787.0,1643.121389,142918135.0
79,Cambodia,2020,4.64029979705811,16718971.0,68.7,25872798012.0,1547.511388,158243753.0
80,Cameroon,2005,4.34993934631348,17733408.0,51.4,19509850837.0,1100.174926,116874535.0
81,Cameroon,2006,4.2918004989624,18223677.0,51.5,20910513975.0,1147.4366,120627001.0
82,Cameroon,2007,4.7414083480835,18730283.0,51.6,23928251334.0,1277.516807,126330101.0
83,Cameroon,2008,4.55425691604614,19252674.0,51.8,27715144580.0,1439.547804,131756117.0
84,Cameroon,2009,4.43388509750366,19789922.0,52.1,27932971683.0,1411.474572,138350167.0
85,Cameroon,2010,4.24463415145874,20341236.0,52.8,27507499709.0,1352.302275,145012214.0
86,Cameroon,2011,4.27103805541992,20906392.0,53.3,30630912185.0,1465.145788,151533021.0
87,Cameroon,2012,4.24044132232666,21485267.0,53.6,30155064574.0,1403.522915,157692392.0
88,Cameroon,2013,5.03796482086182,22077300.0,54.2,33728622819.0,1527.751257,162762779.0
89,Cameroon,2014,4.81623220443726,22681853.0,54.8,36386546918.0,1604.214035,169612568.0
90,Cameroon,2015,5.07405138015747,23298376.0,55.3,32210232912.0,1382.50979,177358737.0
91,Cameroon,2016,5.25073766708374,23926549.0,55.6,33814337900.0,1413.255957,185173931.0
92,Cameroon,2017,4.93673753738403,24566070.0,55.9,36098550142.0,1469.4475,192872431.0
93,Cameroon,2018,5.24107789993286,25216261.0,56.4,39973839065.0,1585.240534,200804389.0
94,Cameroon,2019,5.14179992675781,25876387.0,56.7,39670977333.0,1533.095688,208202382.0
95,Cameroon,2020,5.04759979248047,26545864.0,57.3,40804449726.0,1537.130218,215091700.0
96,Canada,2005,7.48175287246704,32164313.0,79.1,1173110000000.0,36382.50792,25042819787.0
97,Canada,2006,7.48560380935669,32536994.0,79.4,1319260000000.0,40504.06073,25614229550.0
98,Canada,2007,7.48782444000244,32930795.0,79.5,1468820000000.0,44659.89514,26208894916.0
99,Canada,2008,7.65034627914429,33337638.0,79.7,1552990000000.0,46710.50558,26788262055.0
100,Canada,2009,7.42605352401733,33746093.0,80.0,1374630000000.0,40876.31015,27334872496.0
101,Canada,2010,7.41514444351196,34147566.0,81.0,1617340000000.0,47562.08343,27893676503.0
102,Canada,2011,7.59379386901855,34539156.0,85.0,1793330000000.0,52223.69611,28463546701.0
103,Canada,2012,7.30425786972046,34922031.0,85.0,1828370000000.0,52669.08996,29032809432.0
104,Canada,2013,7.41277265548706,35296535.0,87.0,1846600000000.0,52635.17496,29606508169.0
105,Canada,2014,7.24484586715698,35664338.0,81.0,1805750000000.0,50955.99832,30177071586.0
106,Canada,2015,7.41486835479736,36026668.0,81.2,1556510000000.0,43596.13554,30750132962.0
107,Canada,2016,7.17549657821655,36382942.0,81.5,1527990000000.0,42315.60371,31309699924.0
108,Canada,2017,7.10907649993896,36732091.0,81.6,1649270000000.0,45129.4293,31879060360.0
109,Canada,2018,7.02490472793579,37074558.0,81.8,1725330000000.0,46548.63841,32458530732.0
110,Canada,2019,7.10330009460449,37411038.0,82.0,1742020000000.0,46328.67184,33040920340.0
111,Canada,2020,7.02510023117065,37742157.0,82.2,1645420000000.0,43258.26387,33576743330.0
112,Chile,2005,5.69792985916138,16182713.0,77.3,122315000000.0,7558.371754,1741318811.0
113,Chile,2006,5.78943872451782,16354507.0,77.3,153840000000.0,9406.584485,1805268135.0
114,Chile,2007,6.49368619918823,16530201.0,77.8,172566000000.0,10439.42846,1875951383.0
115,Chile,2008,6.63565587997437,16708255.0,77.9,179663000000.0,10752.9723,1946746543.0
116,Chile,2009,6.52633476257324,16886184.0,78.0,171413000000.0,10151.05852,2012647046.0
117,Chile,2010,6.59912872314453,17062531.0,78.4,217105000000.0,12724.10406,2083958001.0
118,Chile,2011,6.74015378952026,17233584.0,78.9,251225000000.0,14577.63266,2162022405.0
119,Chile,2012,6.84423828125,17400359.0,78.9,267176000000.0,15354.6184,2241705986.0
120,Chile,2013,6.53274965286255,17571511.0,79.6,277239000000.0,15777.78151,2323516854.0
121,Chile,2014,6.57905626296997,17758969.0,79.3,259405000000.0,14606.99672,2401090633.0
122,Chile,2015,6.32011938095093,17969356.0,79.1,242497000000.0,13495.01061,2482915104.0
123,Chile,2016,6.43622064590454,18209072.0,79.8,249299000000.0,13690.90746,2567307132.0
124,Chile,2017,5.94225025177002,18470435.0,79.9,276365000000.0,14962.55685,2651353160.0
125,Chile,2018,6.15064287185669,18729166.0,81.0,295403000000.0,15772.33348,2735762427.0
126,Chile,2019,6.17189979553223,18952035.0,83.0,278585000000.0,14699.46278,2821891690.0
127,Chile,2020,6.17180013656616,19116209.0,85.0,252727000000.0,13220.57076,2903063180.0
128,China,2005,4.86286211013794,1330776380.0,71.7,2285970000000.0,1753.417829,97916885868.0
129,China,2006,4.84629487991333,1338408644.0,72.2,2752130000000.0,2099.229435,104000000000.0
130,China,2007,4.45436096191406,1345993891.0,72.7,3550340000000.0,2693.970063,111000000000.0
131,China,2008,4.65273666381836,1353569480.0,73.1,4594310000000.0,3468.304602,119000000000.0
132,China,2009,5.03720760345459,1361169410.0,73.5,5101700000000.0,3832.236432,127000000000.0
133,China,2010,5.09491729736328,1368810604.0,73.9,6087160000000.0,4550.453108,135000000000.0
134,China,2011,5.24109029769897,1376497633.0,74.2,7551500000000.0,5614.352135,145000000000.0
135,China,2012,5.19561910629272,1384206408.0,74.4,8532230000000.0,6300.615118,155000000000.0
136,China,2013,5.30387783050537,1391883335.0,74.5,9570410000000.0,7020.338485,165000000000.0
137,China,2014,5.32495594024658,1399453966.0,74.9,10475700000000.0,7636.116601,175000000000.0
138,China,2015,5.09906148910522,1406847868.0,75.0,11061600000000.0,8016.431435,184000000000.0
139,China,2016,5.13143396377563,1414049353.0,75.2,11233300000000.0,8094.363367,194000000000.0
140,China,2017,5.14412021636963,1421021794.0,75.4,12310400000000.0,8816.986905,204000000000.0
141,China,2018,5.77106475830078,1427647789.0,75.6,13894800000000.0,9905.342004,214000000000.0
142,China,2019,5.3390998840332,1433783692.0,75.8,14279900000000.0,10143.8382,225000000000.0
143,China,2020,5.58529996871948,1439323774.0,76.1,14687700000000.0,10408.66976,236000000000.0
144,Colombia,2005,6.13841152191162,42647731.0,71.4,145619000000.0,3414.465158,2193592255.0
145,Colombia,2006,6.16839504241943,43200901.0,71.5,161619000000.0,3741.092837,2255596791.0
146,Colombia,2007,6.27160453796387,43737512.0,71.8,206182000000.0,4714.073055,2315775631.0
147,Colombia,2008,6.40811347961426,44254972.0,72.4,242187000000.0,5472.53653,2382425687.0
148,Colombia,2009,6.46395254135132,44750054.0,72.8,232398000000.0,5193.241458,2454982407.0
149,Colombia,2010,6.37487983703613,45222699.0,73.1,286563000000.0,6336.709474,2531260831.0
150,Colombia,2011,6.60655069351196,45662747.0,73.1,334944000000.0,7335.166934,2607340606.0
151,Colombia,2012,6.44878911972046,46075721.0,73.5,370921000000.0,8050.255372,2687067778.0
152,Colombia,2013,6.38757181167603,46495492.0,73.5,382116000000.0,8218.347844,2774495634.0
153,Colombia,2014,6.23371505737305,46967706.0,73.6,381112000000.0,8114.343921,2863194777.0
154,Colombia,2015,6.15734195709229,47520667.0,73.6,293482000000.0,6175.87603,2955160135.0
155,Colombia,2016,5.98351240158081,48175048.0,74.2,282825000000.0,5870.777957,3048402114.0
156,Colombia,2017,6.35029792785645,48909844.0,74.3,311884000000.0,6376.706716,3134697902.0
157,Colombia,2018,5.70917510986328,49661056.0,74.4,334198000000.0,6729.583332,3219578427.0
158,Colombia,2019,6.01240015029907,50339443.0,74.6,323110000000.0,6418.615783,3309997733.0
159,Colombia,2020,5.78060007095337,50882884.0,74.8,270300000000.0,5312.198556,3399102674.0
160,Denmark,2005,7.83423328399658,5421701.0,76.9,264467000000.0,48799.8256,3457274966.0
161,Denmark,2006,7.97089195251465,5444293.0,77.0,282885000000.0,52026.99951,3516703727.0
162,Denmark,2007,7.68335866928101,5469920.0,77.0,319423000000.0,58487.05497,3571359728.0
163,Denmark,2008,7.77051544189453,5497731.0,77.3,353361000000.0,64322.0635,3622579558.0
164,Denmark,2009,7.78823184967041,5526389.0,77.7,321241000000.0,58163.27688,3671395565.0
165,Denmark,2010,7.51990938186646,5554849.0,78.1,321995000000.0,58041.39844,3720566069.0
166,Denmark,2011,7.58860683441162,5582980.0,78.1,344003000000.0,61753.64713,3764781246.0
167,Denmark,2012,7.50755929946899,5610909.0,78.4,327149000000.0,58507.50805,3804621405.0
168,Denmark,2013,7.5144248008728,5638152.0,78.8,343584000000.0,61191.1937,3846367301.0
169,Denmark,2014,7.5577826499939,5664199.0,78.9,352994000000.0,62548.98473,3883910718.0
170,Denmark,2015,7.59370231628418,5688695.0,79.2,302673000000.0,53254.85637,3919114412.0
171,Denmark,2016,7.64878559112549,5711346.0,79.7,313116000000.0,54663.99837,3956125798.0
172,Denmark,2017,7.69300317764282,5732277.0,80.0,332121000000.0,57610.09818,3990868885.0
173,Denmark,2018,7.5146312713623,5752131.0,81.0,356841000000.0,61591.92887,4025541236.0
174,Denmark,2019,7.61950016021729,5771877.0,84.0,347561000000.0,59775.7351,4056438497.0
175,Denmark,2020,7.63619995117188,5792203.0,86.0,356085000000.0,61063.31643,4082633409.0
176,Dominican Republic,2005,5.08130598068237,9097262.0,72.0,35777570136.0,3932.784407,409162209.0
177,Dominican Republic,2006,4.8423056602478,9218681.0,71.2,37879869898.0,4109.033591,428274141.0
178,Dominican Republic,2007,5.43161392211914,9338856.0,71.4,43965420072.0,4707.795052,448267071.0
179,Dominican Republic,2008,4.73502111434937,9458079.0,73.0,48122547177.0,5087.983213,468598907.0
180,Dominican Republic,2009,5.39653539657593,9576736.0,69.3,48261033298.0,5039.403122,488379573.0
181,Dominican Republic,2010,4.75331115722656,9695117.0,69.7,53860175556.0,5555.392014,508933026.0
182,Dominican Republic,2011,5.01551532745361,9813219.0,72.3,58029750746.0,5913.426649,530250940.0
183,Dominican Republic,2012,5.38733196258545,9930916.0,72.9,60681537196.0,6110.366576,551505694.0
184,Dominican Republic,2013,5.06186246871948,10048226.0,73.3,62682163837.0,6238.132367,572772654.0
185,Dominican Republic,2014,5.23869848251343,10165182.0,73.6,67179914027.0,6608.825501,594573265.0
186,Dominican Republic,2015,5.60520267486572,10281675.0,72.7,71164825257.0,6921.520594,618067854.0
187,Dominican Republic,2016,5.43321561813354,10397738.0,73.1,75704720190.0,7280.88361,642712421.0
188,Dominican Republic,2017,6.00423717498779,10513111.0,72.1,79997975622.0,7609.353275,666729343.0
189,Dominican Republic,2018,5.16840982437134,10627147.0,73.4,85555378043.0,8050.644076,692427431.0
190,Dominican Republic,2019,5.54510021209717,10738957.0,73.6,88941299734.0,8282.117131,719947619.0
191,Dominican Republic,2020,5.7371997833252,10847904.0,73.9,78844702329.0,7268.19691,747716929.0
192,Ecuador,2005,4.99587535858154,13825839.0,72.8,41507085000.0,3002.138604,655957316.0
193,Ecuador,2006,5.29651308059692,14059379.0,73.4,46802044000.0,3328.884156,684851947.0
194,Ecuador,2007,6.02180337905884,14296554.0,73.6,51007777000.0,3567.837186,718537463.0
195,Ecuador,2008,5.83805131912231,14535740.0,74.4,61762635000.0,4249.01897,748110525.0
196,Ecuador,2009,5.79508829116821,14774412.0,74.4,62519686000.0,4231.619235,780613726.0
197,Ecuador,2010,5.96071624755859,15011114.0,74.2,69555367000.0,4633.591284,815439334.0
198,Ecuador,2011,6.01920604705811,15243885.0,74.4,79276664000.0,5200.555108,852837710.0
199,Ecuador,2012,5.94585180282593,15474099.0,74.7,87924544000.0,5682.046108,889991732.0
200,Ecuador,2013,5.96407508850098,15707473.0,74.6,95129659000.0,6056.331213,929354073.0
201,Ecuador,2014,6.11543750762939,15951832.0,75.1,101726000000.0,6377.093929,972561015.0
202,Ecuador,2015,5.83951854705811,16212022.0,75.0,99290381000.0,6124.490887,1013320438.0
203,Ecuador,2016,6.12801027297974,16491116.0,75.3,99937696000.0,6060.092962,1052824471.0
204,Ecuador,2017,5.80913114547729,16785356.0,75.5,104296000000.0,6213.503127,1092100464.0
205,Ecuador,2018,5.35446166992188,17084359.0,76.0,107562000000.0,6295.934662,1130019905.0
206,Ecuador,2019,5.76399993896484,17373657.0,76.0,108108000000.0,6222.524653,1166777625.0
207,Ecuador,2020,5.53329992294312,17643060.0,76.2,99291124000.0,5627.77228,1197709388.0
208,Egypt,2005,5.54051065444946,75523576.0,68.8,89600665557.0,1186.393313,3132480025.0
209,Egypt,2006,4.63174104690552,76873670.0,68.6,107426086957.0,1397.43669,3308499089.0
210,Egypt,2007,5.06616449356079,78232124.0,68.7,130437828371.0,1667.317998,3494406417.0
211,Egypt,2008,4.66891622543335,79636081.0,68.6,162818181818.0,2044.527804,3689170414.0
212,Egypt,2009,4.17415857315063,81134789.0,69.0,189147005445.0,2331.26884,3892340086.0
213,Egypt,2010,4.20415687561035,82761244.0,69.4,218983666062.0,2645.968759,4093181569.0
214,Egypt,2011,3.55852031707764,84529251.0,69.5,235989672978.0,2791.810766,4306208216.0
215,Egypt,2012,4.88507270812988,86422240.0,69.7,279116666667.0,3229.68563,4514926545.0
216,Egypt,2013,4.76253843307495,88404652.0,69.8,288434108527.0,3262.657586,4721875713.0
217,Egypt,2014,4.55674076080322,90424668.0,69.9,305595408895.0,3379.557986,4943543743.0
218,Egypt,2015,3.92934417724609,92442549.0,70.0,329366576819.0,3562.932658,5162711129.0
219,Egypt,2016,4.00545072555542,94447071.0,74.0,332441717791.0,3519.87324,5396833763.0
220,Egypt,2017,4.32783174514771,96442590.0,72.0,235733695652.0,2444.290387,5647438524.0
221,Egypt,2018,4.47239685058594,98423602.0,79.0,249712999437.0,2537.125185,5875159991.0
222,Egypt,2019,4.2827000617981,100388076.0,78.0,303080865604.0,3019.092283,6101041543.0
223,Egypt,2020,4.28770017623901,102334403.0,79.0,363069245165.0,3547.870848,6314498289.0
224,El Salvador,2005,5.29553508758545,6052124.0,69.0,14698000000.0,2428.568879,135369005.0
225,El Salvador,2006,5.19149398803711,6079395.0,68.9,15999890000.0,2631.822739,142086817.0
226,El Salvador,2007,6.83908700942993,6105810.0,73.0,17011750000.0,2786.157774,148932397.0
227,El Salvador,2008,6.73991107940674,6131767.0,69.9,17986890000.0,2933.39424,155337114.0
228,El Salvador,2009,4.74129486083984,6157678.0,70.0,17601620000.0,2858.483344,161649573.0
229,El Salvador,2010,5.93437147140503,6183877.0,71.0,18447920000.0,2983.228806,167968202.0
230,El Salvador,2011,6.32506322860718,6210567.0,75.0,20283780000.0,3266.010978,174467607.0
231,El Salvador,2012,5.85652351379395,6237922.0,71.2,21386150000.0,3428.409332,180939489.0
232,El Salvador,2013,6.01849603652954,6266076.0,71.7,21990960000.0,3509.526536,187033961.0
233,El Salvador,2014,6.13982486724854,6295124.0,71.4,22593470000.0,3589.042885,193185116.0
234,El Salvador,2015,6.33931827545166,6325121.0,72.0,23438240000.0,3705.579704,199860431.0
235,El Salvador,2016,6.2411994934082,6356137.0,72.0,24191430000.0,3805.995686,206506226.0
236,El Salvador,2017,6.45482063293457,6388124.0,73.0,24979190000.0,3910.254403,212522043.0
237,El Salvador,2018,5.46192693710327,6420740.0,73.0,26020850000.0,4052.624775,218893254.0
238,El Salvador,2019,6.0605001449585,6453550.0,73.3,26896660000.0,4167.730939,225745929.0
239,El Salvador,2020,6.11999988555908,6486201.0,73.5,24638720000.0,3798.636521,231869645.0
240,Georgia,2005,3.70719456672668,4210158.0,71.8,6410823633.0,1642.760938,535721189.0
241,Georgia,2006,4.156090259552,4189721.0,73.0,7745394293.0,1996.057129,541817901.0
242,Georgia,2007,3.80063915252686,4166859.0,71.7,10172882371.0,2635.353882,548183252.0
243,Georgia,2008,4.10183715820312,4142648.0,72.7,12795076469.0,3324.735879,553492059.0
244,Georgia,2009,4.20303058624268,4119490.0,72.3,10766836277.0,2822.66743,559627685.0
245,Georgia,2010,4.25444555282593,4099095.0,73.9,12243505583.0,3233.295943,565835728.0
246,Georgia,2011,4.34892082214355,4081012.0,73.9,15107441447.0,4021.743306,573640254.0
247,Georgia,2012,4.28750801086426,4064097.0,74.4,16488403076.0,4421.818242,581892065.0
248,Georgia,2013,4.12194061279297,4048701.0,73.9,17189551521.0,4623.745725,589901363.0
249,Georgia,2014,4.44838619232178,4035310.0,73.2,17627003455.0,4739.188338,598835761.0
250,Georgia,2015,4.45077466964722,4024180.0,73.8,14953950557.0,4014.185944,608582745.0
251,Georgia,2016,4.65909719467163,4015457.0,73.9,15141758567.0,4062.169888,618648980.0
252,Georgia,2017,4.89183568954468,4008723.0,74.2,16242916916.0,4357.000936,628828522.0
253,Georgia,2018,5.12314319610596,4002946.0,74.5,17596922470.0,4722.042423,638933094.0
254,Georgia,2019,4.89139986038208,3996762.0,74.5,17470436259.0,4696.150586,649413370.0
255,Georgia,2020,4.97319984436035,3989175.0,74.4,15842922533.0,4255.742993,659381464.0
256,Germany,2005,6.41681957244873,81602739.0,78.0,2846860000000.0,34520.23965,80688226652.0
257,Germany,2006,6.52179002761841,81472235.0,78.3,2994700000000.0,36353.88033,81566547082.0
258,Germany,2007,6.64149332046509,81277836.0,78.4,3425580000000.0,41640.08087,82418171411.0
259,Germany,2008,6.72453117370605,81065751.0,78.5,3745260000000.0,45612.71062,83273098556.0
260,Germany,2009,6.62131214141846,80899961.0,79.1,3411260000000.0,41650.36783,84063393275.0
261,Germany,2010,6.70236206054688,80827001.0,79.2,3399670000000.0,41572.45595,84896342383.0
262,Germany,2011,6.96512508392334,80855629.0,79.6,3749310000000.0,46705.8958,85705559302.0
263,Germany,2012,6.98421430587769,80972629.0,79.8,3527140000000.0,43855.85447,86519543956.0
264,Germany,2013,7.03713750839233,81174373.0,79.9,3733800000000.0,46298.92292,87350997794.0
265,Germany,2014,6.87376308441162,81450370.0,80.0,3889090000000.0,48023.86998,88143585564.0
266,Germany,2015,7.07432460784912,81787411.0,81.0,3357590000000.0,41103.25644,88939195779.0
267,Germany,2016,7.11836433410645,82193770.0,85.0,3469850000000.0,42136.12079,89739882411.0
268,Germany,2017,7.03547239303589,82658409.0,86.0,3690850000000.0,44652.58917,90525765329.0
269,Germany,2018,7.31189775466919,83124413.0,86.0,3977290000000.0,47973.60762,91279876936.0
270,Germany,2019,7.15450000762939,83517046.0,89.0,3888330000000.0,46794.89929,91991304745.0
271,Germany,2020,7.03410005569458,83783945.0,81.0,3846410000000.0,46252.6893,92635615097.0
272,Ghana,2005,5.22014808654785,21814648.0,57.2,10744675210.0,492.5440562,175928748.0
273,Ghana,2006,4.9651346206665,22379057.0,57.4,20440893017.0,913.3938493,185088237.0
274,Ghana,2007,4.1976957321167,22963946.0,57.6,24827844950.0,1081.166318,194707005.0
275,Ghana,2008,4.60625171661377,23563832.0,57.9,28678701891.0,1217.064435,203632356.0
276,Ghana,2009,5.60819959640503,24170943.0,58.3,26048108185.0,1077.662058,211129964.0
277,Ghana,2010,5.05726194381714,24779614.0,58.9,32197272797.0,1299.345212,220839612.0
278,Ghana,2011,4.96505308151245,25387713.0,59.4,39337314810.0,1549.462719,232065629.0
279,Ghana,2012,3.86035108566284,25996454.0,59.9,41270954737.0,1587.560932,246380976.0
280,Ghana,2013,3.98591613769531,26607641.0,63.0,62823043706.0,2361.090324,260560852.0
281,Ghana,2014,4.51441144943237,27224480.0,66.0,54782847753.0,2012.264247,275315435.0
282,Ghana,2015,5.48131084442139,27849203.0,69.0,49406568433.0,1774.074771,291429885.0
283,Ghana,2016,5.00369310379028,28481947.0,61.2,56165172899.0,1971.956935,307976954.0
284,Ghana,2017,4.96680974960327,29121464.0,61.6,60406382899.0,2074.290733,321716500.0
285,Ghana,2018,5.31948328018188,29767108.0,61.9,67299280680.0,2260.860567,338399130.0
286,Ghana,2019,5.08839988708496,30417858.0,62.1,68337537816.0,2246.625578,355317289.0
287,Ghana,2020,4.87200021743774,31072945.0,62.4,70043199814.0,2254.153889,371318619.0
288,India,2005,5.02679347991943,1147609924.0,62.5,820382000000.0,714.8610154,24326352051.0
289,India,2006,5.14583301544189,1165486291.0,62.9,940260000000.0,806.7532806,25586096327.0
290,India,2007,4.52151775360107,1183209471.0,63.3,1216740000000.0,1028.334772,26944248545.0
291,India,2008,4.98927736282349,1200669762.0,63.7,1198900000000.0,998.5223415,28407063143.0
292,India,2009,4.63487148284912,1217726217.0,64.0,1341890000000.0,1101.960838,30019879742.0
293,India,2010,4.72014665603638,1234281163.0,64.4,1675620000000.0,1357.563727,31697767327.0
294,India,2011,4.42778873443604,1250287939.0,64.8,1823050000000.0,1458.104066,33477897323.0
295,India,2012,4.42437934875488,1265780243.0,65.2,1827640000000.0,1443.882435,35441483368.0
296,India,2013,4.34207916259766,1280842119.0,65.5,1856720000000.0,1449.610451,37478420449.0
297,India,2014,4.17917728424072,1295600768.0,66.0,2039130000000.0,1573.885642,39664276367.0
298,India,2015,4.04611110687256,1310152392.0,66.4,2103590000000.0,1605.605445,41932843845.0
299,India,2016,3.81806874275208,1324517250.0,66.8,2294800000000.0,1732.554242,44315067065.0
300,India,2017,3.24876976013184,1338676779.0,67.3,2651470000000.0,1980.66702,46748922819.0
301,India,2018,4.22528123855591,1352642283.0,67.6,2702930000000.0,1998.259076,49348728536.0
302,India,2019,3.8189001083374,1366417756.0,68.0,2831550000000.0,2072.244897,51974696684.0
303,India,2020,3.77710008621216,1380004385.0,68.3,2667690000000.0,1933.101069,54416488997.0
304,Israel,2005,6.84111499786377,6529470.0,78.9,142657000000.0,20585.13861,1425395052.0
305,Israel,2006,7.26126146316528,6680641.0,79.3,154145000000.0,21853.14024,1487544015.0
306,Israel,2007,7.35297918319702,6847148.0,79.3,179162000000.0,24952.54759,1550343921.0
307,Israel,2008,7.35891628265381,7020832.0,79.7,216712000000.0,29650.77025,1618324097.0
308,Israel,2009,7.43314790725708,7190037.0,81.0,207953000000.0,27780.46372,1682185043.0
309,Israel,2010,7.1108546257019,7346446.0,80.0,234655000000.0,30780.02382,1750471944.0
310,Israel,2011,7.32056331634521,7487095.0,84.0,262294000000.0,33775.512,1819066681.0
311,Israel,2012,7.40057039260864,7614946.0,84.0,258417000000.0,32667.60687,1893851260.0
312,Israel,2013,7.07941102981567,7734834.0,81.0,294167000000.0,36499.45611,1956982946.0
313,Israel,2014,7.159010887146,7854216.0,81.5,310945000000.0,37847.64994,2017334780.0
314,Israel,2015,7.33103609085083,7978496.0,81.7,300078000000.0,35808.43643,2080309704.0
315,Israel,2016,6.92717885971069,8108984.0,81.8,319024000000.0,37330.2618,2141528830.0
316,Israel,2017,7.33177995681763,8243849.0,81.8,355277000000.0,40774.12961,2200402028.0
317,Israel,2018,7.19492816925049,8381507.0,82.1,373641000000.0,42063.45313,2260948079.0
318,Israel,2019,7.15710020065308,8519373.0,82.2,397935000000.0,43951.24773,2323341663.0
319,Israel,2020,7.36380004882812,8655541.0,82.5,407101000000.0,44177.57122,2379692524.0
320,Italy,2005,6.57441234588623,58281209.0,79.4,1858220000000.0,32055.09208,18799805034.0
321,Italy,2006,6.77977418899536,58542619.0,79.8,1949550000000.0,33529.7266,19296696911.0
322,Italy,2007,6.33380031585693,58747862.0,80.0,2213100000000.0,37870.74751,19787299468.0
323,Italy,2008,6.35423803329468,58922116.0,79.9,2408660000000.0,40944.91242,20266202270.0
324,Italy,2009,6.05708646774292,59105622.0,89.0,2199930000000.0,37226.75719,20690941204.0
325,Italy,2010,5.83931398391724,59325232.0,88.0,2136100000000.0,36035.645,21127094887.0
326,Italy,2011,6.00937366485596,59589070.0,81.2,2294990000000.0,38649.63948,21551372414.0
327,Italy,2012,6.0265851020813,59879469.0,81.3,2086960000000.0,35051.52127,21954819628.0
328,Italy,2013,5.84768390655518,60166828.0,81.5,2141920000000.0,35560.08141,22324653965.0
329,Italy,2014,5.95452404022217,60409622.0,81.6,2162010000000.0,35565.72138,22674235720.0
330,Italy,2015,6.19887018203735,60578489.0,81.8,1836640000000.0,30242.38614,23035538202.0
331,Italy,2016,6.51652669906616,60663068.0,82.0,1877070000000.0,30960.73151,23393598945.0
332,Italy,2017,6.44541692733765,60673694.0,82.0,1961800000000.0,32406.72032,23746448857.0
333,Italy,2018,6.48835611343384,60627291.0,82.3,2091930000000.0,34622.16967,24095469303.0
334,Italy,2019,6.48309993743896,60550092.0,82.5,2011290000000.0,33673.47545,24435241474.0
335,Italy,2020,6.46670007705688,60461828.0,82.7,1892570000000.0,31834.97262,24739056768.0
336,Japan,2005,6.23819780349731,128326115.0,81.1,4831470000000.0,37812.89502,47398980851.0
337,Japan,2006,5.91067934036255,128422740.0,81.5,4601660000000.0,35991.546,48666342725.0
338,Japan,2007,5.84499931335449,128494050.0,81.8,4579750000000.0,35779.02454,49969476902.0
339,Japan,2008,6.05675268173218,128538644.0,81.9,5106680000000.0,39876.30397,51201790632.0
340,Japan,2009,6.26279354095459,128555196.0,82.1,5289490000000.0,41308.99684,52365003563.0
341,Japan,2010,5.96821641921997,128542349.0,82.0,5759070000000.0,44968.15623,53579819796.0
342,Japan,2011,5.95936155319214,128498966.0,82.4,6233150000000.0,48760.07895,54844685895.0
343,Japan,2012,5.92262077331543,128423571.0,82.6,6272360000000.0,49145.28043,56150695737.0
344,Japan,2013,5.87968444824219,128314189.0,82.7,5212330000000.0,40898.6479,57466038395.0
345,Japan,2014,5.95465087890625,128168630.0,83.0,4896990000000.0,38475.39525,58729767154.0
346,Japan,2015,5.9106764793396,127985139.0,83.0,4444930000000.0,34960.63938,59953163599.0
347,Japan,2016,5.79357528686523,127763267.0,82.5,5003680000000.0,39375.47316,61156881479.0
348,Japan,2017,5.90803909301758,127502728.0,83.3,4930840000000.0,38834.05293,62345004321.0
349,Japan,2018,6.1179633140564,127202190.0,83.5,5037840000000.0,39727.1166,63488462197.0
350,Japan,2019,5.94049978256226,126860299.0,83.5,5123320000000.0,40458.00188,64594391532.0
351,Japan,2020,6.03889989852905,126476458.0,83.7,5040110000000.0,39918.16756,65625166916.0
352,Jordan,2005,5.59805727005005,5765639.0,71.7,12588665303.0,2183.394643,349948505.0
353,Jordan,2006,4.93005800247192,5991547.0,71.9,15056929760.0,2513.028732,370474895.0
354,Jordan,2007,5.99985933303833,6255290.0,72.1,17110587447.0,2735.378767,391911393.0
355,Jordan,2008,5.56994247436523,6556473.0,72.3,22657662393.0,3455.769953,412629390.0
356,Jordan,2009,5.53932762145996,6893258.0,72.5,24537876056.0,3559.692102,433966082.0
357,Jordan,2010,5.13199615478516,7261541.0,72.4,27133804225.0,3736.645462,454581407.0
358,Jordan,2011,5.17195272445679,7662858.0,72.8,29524149155.0,3852.890025,475825167.0
359,Jordan,2012,5.33302164077759,8089963.0,73.0,31634561690.0,3910.346894,499638968.0
360,Jordan,2013,5.4045934677124,8518992.0,73.1,34454440141.0,4044.426869,523452120.0
361,Jordan,2014,5.27128458023071,8918822.0,73.3,36847643521.0,4131.44735,549347142.0
362,Jordan,2015,4.80808258056641,9266573.0,73.4,38587017887.0,4164.108769,574903362.0
363,Jordan,2016,4.63893365859985,9554286.0,73.6,39892551127.0,4175.356602,599248984.0
364,Jordan,2017,4.45254802703857,9785840.0,73.7,41408960845.0,4231.51828,624810262.0
365,Jordan,2018,4.09399175643921,9965322.0,73.9,42932112676.0,4308.151074,650069892.0
366,Jordan,2019,4.39459991455078,10101697.0,74.0,44502895915.0,4405.487109,675814875.0
367,Jordan,2020,4.15210008621216,10203140.0,74.1,43697659296.0,4282.765825,701302305.0
368,Kazakhstan,2005,5.71855354309082,15402803.0,63.9,57123671734.0,3771.278957,9950794985.0
369,Kazakhstan,2006,5.88641977310181,15551263.0,64.4,81003884545.0,5291.575305,10171925065.0
370,Kazakhstan,2007,5.38256311416626,15702112.0,64.7,104850000000.0,6771.414797,10399474649.0
371,Kazakhstan,2008,5.51428651809692,15862126.0,64.4,133442000000.0,8458.017154,10628144743.0
372,Kazakhstan,2009,5.73566293716431,16043015.0,64.7,115309000000.0,7165.223175,10851254805.0
373,Kazakhstan,2010,5.75946950912476,16252273.0,64.6,148047000000.0,9070.488253,11100321718.0
374,Kazakhstan,2011,5.83548307418823,16490669.0,65.0,192627000000.0,11634.0012,11339981809.0
375,Kazakhstan,2012,5.97009754180908,16751523.0,65.3,207999000000.0,12386.69927,11585818298.0
376,Kazakhstan,2013,5.94999504089355,17026118.0,66.6,236635000000.0,13890.63096,11839547143.0
377,Kazakhstan,2014,5.53355169296265,17302619.0,67.8,221416000000.0,12807.26069,12118579241.0
378,Kazakhstan,2015,5.88235139846802,17572010.0,67.8,184388000000.0,10510.77189,12407161642.0
379,Kazakhstan,2016,6.00763607025146,17830902.0,68.5,137278000000.0,7714.841844,12695847439.0
380,Kazakhstan,2017,6.27226829528809,18080023.0,69.1,166806000000.0,9247.581331,13003756325.0
381,Kazakhstan,2018,6.16826915740967,18319616.0,69.5,179340000000.0,9812.626371,13321035987.0
382,Kazakhstan,2019,6.15180015563965,18551428.0,69.9,181667000000.0,9812.595808,13616904513.0
383,Kazakhstan,2020,6.23409986495972,18776707.0,72.0,171082000000.0,9121.637138,13908240442.0
384,Kenya,2005,4.57565784454346,36624897.0,51.9,18737897745.0,511.6163943,260780526.0
385,Kenya,2006,4.01527452468872,37649039.0,51.9,25825524821.0,685.9544229,270116187.0
386,Kenya,2007,4.27043485641479,38705934.0,52.1,31958195182.0,825.666555,279656854.0
387,Kenya,2008,4.255859375,39791984.0,52.4,35895153328.0,902.0699578,289567899.0
388,Kenya,2009,4.40531015396118,40901798.0,53.0,42347217913.0,1035.338787,301534351.0
389,Kenya,2010,4.54733514785767,42030684.0,54.1,45405587557.0,1080.296184,313279143.0
390,Kenya,2011,3.79538321495056,43178270.0,55.3,46869457318.0,1085.487152,326207316.0
391,Kenya,2012,4.90457963943481,44343469.0,56.8,56396706006.0,1271.815383,338195324.0
392,Kenya,2013,4.35761785507202,45519986.0,57.9,61671425370.0,1354.820833,350965385.0
393,Kenya,2014,4.39612770080566,46700063.0,59.1,68285768554.0,1462.220052,364738351.0
394,Kenya,2015,4.47565412521362,47878339.0,63.0,70120413329.0,1464.554009,381039585.0
395,Kenya,2016,4.65570259094238,49051531.0,61.2,74815121315.0,1525.235192,398195568.0
396,Kenya,2017,4.61885023117065,50221146.0,62.1,82035800868.0,1633.491216,414517880.0
397,Kenya,2018,4.5465841293335,51392570.0,62.6,92202956321.0,1794.091175,432534376.0
398,Kenya,2019,4.60659980773926,52573967.0,62.9,100380000000.0,1909.304537,450881320.0
399,Kenya,2020,4.54300022125244,53771300.0,63.4,100667000000.0,1872.124026,467027394.0
400,Kosovo,2005,5.10390615463257,1705780.0,68.4,,,5925.164
401,Kosovo,2006,5.52165985107422,1719536.0,68.7,,,62655.51
402,Kosovo,2007,5.891432762146,1733404.0,69.2,,,82723.37
403,Kosovo,2008,5.17660140991211,1747383.0,70.1,5181776769.0,2965.449915,93011.34
404,Kosovo,2009,4.85950183868408,1761474.0,70.8,5015894693.0,2847.555339,79751.05
405,Kosovo,2010,5.63958835601807,1775680.0,72.0,5344014318.0,3009.559334,81228.35
406,Kosovo,2011,6.12575817108154,1790957.0,72.3,6341737194.0,3540.891789,67466.42
407,Kosovo,2012,5.00037527084351,1807106.0,72.7,6163785173.0,3410.85978,100869.5
408,Kosovo,2013,5.07746076583862,1815606.0,73.0,6735731173.0,3704.784221,142814.3
409,Kosovo,2014,5.75941228866577,1820631.0,73.3,7074657898.0,3902.676013,199838.5
410,Kosovo,2015,6.14919996261597,1804944.0,73.6,6295820482.0,3520.766449,221943.4
411,Kosovo,2016,6.39182567596436,1771604.0,74.1,6682832632.0,3759.560246,202971.3
412,Kosovo,2017,6.42514419555664,1783531.0,74.6,7180813376.0,4009.380987,226627.7
413,Kosovo,2018,6.29441404342651,1778100.0,75.0,7878508503.0,4384.048892,188205.7
414,Kosovo,2019,6.37200021743774,1777104.0,75.5,7899879086.0,4416.108358,191623.2
415,Kosovo,2020,6.45510005950928,1766821.0,73.7,7716925356.0,4310.811183,186637.7
416,Kyrgyzstan,2005,4.69776153564453,5075340.0,66.6,2460248026.0,484.7454606,728431710.0
417,Kyrgyzstan,2006,4.73658800125122,5124379.0,67.2,2834168889.0,553.0755804,733850851.0
418,Kyrgyzstan,2007,5.06905364990234,5184384.0,66.7,3802566171.0,733.4653781,740369794.0
419,Kyrgyzstan,2008,4.99641084671021,5254969.0,66.6,5139957785.0,978.1138166,747916777.0
420,Kyrgyzstan,2009,4.92104911804199,5334708.0,67.1,4690062255.0,879.1600693,754653386.0
421,Kyrgyzstan,2010,5.20778560638428,5422298.0,66.9,4794357795.0,884.1929741,760967348.0
422,Kyrgyzstan,2011,5.40242671966553,5517927.0,66.7,6197766119.0,1123.20553,768520852.0
423,Kyrgyzstan,2012,5.25219297409058,5621583.0,67.2,6605139933.0,1174.960849,778519250.0
424,Kyrgyzstan,2013,4.90537595748901,5731312.0,67.6,7335027592.0,1279.816487,788177555.0
425,Kyrgyzstan,2014,4.85653400421143,5844521.0,68.5,7468096567.0,1277.794462,798272973.0
426,Kyrgyzstan,2015,5.62953662872314,5959126.0,68.8,6678178340.0,1120.664061,808551854.0
427,Kyrgyzstan,2016,5.29738330841064,6074327.0,69.4,6813092066.0,1121.620892,818198082.0
428,Kyrgyzstan,2017,5.68522071838379,6189727.0,69.9,7702934800.0,1244.470847,827546156.0
429,Kyrgyzstan,2018,6.24958610534668,6304025.0,77.0,8271106196.0,1312.035754,839243865.0
430,Kyrgyzstan,2019,5.7435998916626,6415851.0,78.0,8871019823.0,1382.672357,850261785.0
431,Kyrgyzstan,2020,5.82849979400635,6524191.0,71.1,7735976613.0,1185.737299,861769602.0
432,Lithuania,2005,5.80828475952148,3344259.0,71.6,26097677572.0,7854.765279,1348638373.0
433,Lithuania,2006,5.55392599105835,3303329.0,71.2,30183575104.0,9230.707981,1363072452.0
434,Lithuania,2007,5.46692085266113,3258984.0,71.4,39697891352.0,12285.44705,1378896505.0
435,Lithuania,2008,5.06582498550415,3212867.0,71.6,47797551588.0,14944.99665,1394099006.0
436,Lithuania,2009,5.43243741989136,3167270.0,71.6,37388122046.0,11820.77616,1407141304.0
437,Lithuania,2010,5.77103710174561,3123825.0,78.0,37128694028.0,11987.50841,1421086393.0
438,Lithuania,2011,5.59568929672241,3083402.0,76.0,43535051482.0,14376.94786,1435379198.0
439,Lithuania,2012,6.12572383880615,3045561.0,72.0,42927454291.0,14367.70942,1449724496.0
440,Lithuania,2013,5.71137809753418,3008938.0,71.1,46523420074.0,15729.65247,1463079340.0
441,Lithuania,2014,5.86555242538452,2971498.0,72.2,48533659592.0,16551.0182,1476186031.0
442,Lithuania,2015,6.27294063568115,2931872.0,72.4,41435533340.0,14263.96458,1489505521.0
443,Lithuania,2016,6.30887889862061,2889555.0,72.8,43047309306.0,15008.31324,1502856623.0
444,Lithuania,2017,6.06409788131714,2845419.0,73.0,47758736932.0,16885.40739,1516428455.0
445,Lithuania,2018,6.39137887954712,2801270.0,73.0,53750911866.0,19186.18128,1530124683.0
446,Lithuania,2019,6.25540018081665,2759631.0,73.4,54697379017.0,19575.76848,1544047778.0
447,Lithuania,2020,6.4456000328064,2722291.0,73.6,56546957475.0,20232.30204,1557847258.0
448,Mexico,2005,6.52537822723389,106005199.0,74.8,877476000000.0,8277.671564,13061855319.0
449,Mexico,2006,6.82903623580933,107560155.0,75.0,975387000000.0,9068.294218,13538420535.0
450,Mexico,2007,6.96281909942627,109170503.0,75.0,1052700000000.0,9642.680517,14018207347.0
451,Mexico,2008,6.8023886680603,110815272.0,75.0,1109990000000.0,10016.57121,14511187017.0
452,Mexico,2009,6.90951538085938,112463886.0,75.4,900045000000.0,8002.972178,14987090071.0
453,Mexico,2010,7.32018518447876,114092961.0,75.3,1057800000000.0,9271.398396,15450872585.0
454,Mexico,2011,7.44254636764526,115695468.0,75.8,1180490000000.0,10203.4213,15935037426.0
455,Mexico,2012,6.67983102798462,117274156.0,76.0,1201090000000.0,10241.72783,16431337006.0
456,Mexico,2013,6.23628711700439,118827158.0,75.6,1274440000000.0,10725.18359,16921466676.0
457,Mexico,2014,6.82417297363281,120355137.0,75.7,1315350000000.0,10928.91601,17402595462.0
458,Mexico,2015,6.41029930114746,121858251.0,75.6,1171870000000.0,9616.645558,17884570053.0
459,Mexico,2016,6.54957866668701,123333379.0,76.1,1078490000000.0,8744.515559,18367368105.0
460,Mexico,2017,6.43194532394409,124777326.0,76.3,1158910000000.0,9287.849587,18827217256.0
461,Mexico,2018,5.96422100067139,126190782.0,76.6,1222410000000.0,9686.984927,19282525157.0
462,Mexico,2019,6.31680011749268,127575529.0,76.6,1269400000000.0,9950.217622,19718037545.0
463,Mexico,2020,6.12760019302368,128932753.0,76.7,1087120000000.0,8431.665017,20075005664.0
464,Moldova,2005,4.77491807937622,4159296.0,67.82,2988348836.0,1034.707058,1304639013.0
465,Moldova,2006,5.50275611877441,4146264.0,68.022,3408244549.0,1183.379211,1309668760.0
466,Moldova,2007,5.55437421798706,4130129.0,68.302,4401189466.0,1531.685476,1314647314.0
467,Moldova,2008,5.5897364616394,4112886.0,68.671,6054849885.0,2111.201495,1319837694.0
468,Moldova,2009,5.7922625541687,4097515.0,69.119,5439422031.0,1899.010117,1324377206.0
469,Moldova,2010,5.9957127571106,4086090.0,69.616,6974982393.0,2437.537683,1329208111.0
470,Moldova,2011,5.75605916976929,4079167.0,70.119,8414351672.0,2942.252807,1334153085.0
471,Moldova,2012,5.91705846786499,4075804.0,70.581,8709138765.0,3045.730612,1338918767.0
472,Moldova,2013,6.01747226715088,4074585.0,70.968,9496717702.0,3322.04998,1343818125.0
473,Moldova,2014,5.57778406143188,4073407.0,71.267,9510198962.0,3328.79433,1348576941.0
474,Moldova,2015,5.32553052902222,4070705.0,71.478,7745241913.0,2732.46073,1353358701.0
475,Moldova,2016,5.6822772026062,4066013.0,71.617,8071469355.0,2880.43529,1358262372.0
476,Moldova,2017,5.80345058441162,4059687.0,71.717,9669741744.0,3509.686829,1363482883.0
477,Moldova,2018,5.81162881851196,4051950.0,71.808,11457443185.0,4230.626969,1368915740.0
478,Moldova,2019,5.76639986038208,4043258.0,71.901,11971345003.0,4492.10574,1374071928.0
479,Moldova,2020,5.8568000793457,4033963.0,70.201,11859730544.0,4525.759654,1379218804.0
480,Philippines,2005,5.07356214523315,86326251.0,66.8,107420000000.0,1244.348741,1854540721.0
481,Philippines,2006,4.58906507492065,87888675.0,66.8,127653000000.0,1452.438089,1921064345.0
482,Philippines,2007,4.87991094589233,89405482.0,66.8,155980000000.0,1744.639979,1991827319.0
483,Philippines,2008,4.94151401519775,90901967.0,67.2,181625000000.0,1998.02692,2069127838.0
484,Philippines,2009,4.99395656585693,92414161.0,67.3,175975000000.0,1904.196388,2145619669.0
485,Philippines,2010,5.00196504592896,93966784.0,67.0,208369000000.0,2217.472153,2228572356.0
486,Philippines,2011,4.97692537307739,95570049.0,67.3,234217000000.0,2450.735694,2312314868.0
487,Philippines,2012,5.31255006790161,97212639.0,67.5,261921000000.0,2694.305109,2400723081.0
488,Philippines,2013,5.54748916625977,98871558.0,67.5,283903000000.0,2871.429701,2496517164.0
489,Philippines,2014,5.430832862854,100513137.0,68.0,297483000000.0,2959.645435,2597701089.0
490,Philippines,2015,5.5942702293396,102113206.0,67.9,306446000000.0,3001.043182,2709843495.0
491,Philippines,2016,5.8691725730896,103663812.0,68.0,318627000000.0,3073.654686,2832080804.0
492,Philippines,2017,6.26774501800537,105172921.0,68.1,328481000000.0,3123.245642,2966982614.0
493,Philippines,2018,5.07958507537842,106651394.0,68.1,346842000000.0,3252.110274,3107640835.0
494,Philippines,2019,5.88019990921021,108116622.0,68.4,376823000000.0,3485.340844,3254255773.0
495,Philippines,2020,5.90360021591187,109581085.0,68.5,361751000000.0,3301.218603,3390273723.0
496,Russia,2005,5.22286748886108,143672125.0,65.752,764017107992.0,5317.782472,1511914000.0
497,Russia,2006,5.6187539100647,143403258.0,66.238,989930542279.0,6903.12449,1527049000.0
498,Russia,2007,5.15822792053223,143266207.0,66.807,1299705764824.0,9071.96325,1528156000.0
499,Russia,2008,5.38477325439453,143248764.0,67.426,1660846387625.0,11594.14114,1592303000.0
500,Russia,2009,5.38876628875732,143326904.0,68.07,1222644282202.0,8530.459028,1597325000.0
501,Russia,2010,5.62073564529419,143479273.0,68.715,1524917468442.0,10628.13769,1621468000.0
502,Russia,2011,5.53717756271362,143703027.0,69.343,2045925608274.0,14237.17823,1504779000.0
503,Russia,2012,6.03697681427002,143993888.0,69.944,2208295773643.0,15336.03825,1595843000.0
504,Russia,2013,5.99553871154785,144325456.0,70.508,2292473246621.0,15884.05338,1677642000.0
505,Russia,2014,5.85494565963745,144664837.0,71.018,2059241965491.0,14234.5715,1683891000.0
506,Russia,2015,5.57874298095703,144985059.0,71.464,1363481063447.0,9404.28671,1640747000.0
507,Russia,2016,5.51350021362305,145275374.0,71.835,1276786979222.0,8788.736481,1623124000.0
508,Russia,2017,5.44052362442017,145530091.0,72.139,1574199387071.0,10817.0027,1573022000.0
509,Russia,2018,5.49528884887695,145734034.0,72.386,1657328865710.0,11372.28429,1545660000.0
510,Russia,2019,5.47720003128052,145872260.0,72.584,1687448525467.0,11567.98781,1572014000.0
511,Russia,2020,5.45860004425049,145934460.0,69.615,1483497784868.0,10165.50707,1623757000.0
512,Saudi Arabia,2005,7.26669406890869,23816175.0,72.6,328460000000.0,13791.45476,7668645874.0
513,Saudi Arabia,2006,6.81137037277222,24498313.0,72.8,376900000000.0,15384.73836,8099937842.0
514,Saudi Arabia,2007,6.14759016036987,25184589.0,72.9,415965000000.0,16516.63178,8486444989.0
515,Saudi Arabia,2008,6.30709838867188,25888535.0,73.0,519797000000.0,20078.26007,8918781399.0
516,Saudi Arabia,2009,6.69978952407837,26630303.0,73.1,429098000000.0,16113.14371,9384625708.0
517,Saudi Arabia,2010,6.39635944366455,27421468.0,73.1,528207000000.0,19262.5476,9902341655.0
518,Saudi Arabia,2011,6.49513292312622,28267591.0,73.2,671239000000.0,23745.88058,10400000665.0
519,Saudi Arabia,2012,6.27837800979614,29154906.0,73.2,735975000000.0,25243.602,10963180158.0
520,Saudi Arabia,2013,6.34549188613892,30052058.0,73.3,746647000000.0,24845.12466,11503985390.0
521,Saudi Arabia,2014,6.47392129898071,30916603.0,73.4,756350000000.0,24464.21256,12113191007.0
522,Saudi Arabia,2015,6.29428243637085,31717676.0,73.7,654270000000.0,20627.92178,12788069175.0
523,Saudi Arabia,2016,6.35639333724976,32443443.0,73.9,644936000000.0,19878.76817,13427125661.0
524,Saudi Arabia,2017,6.5612473487854,33101182.0,74.1,688586000000.0,20802.46179,14066503627.0
525,Saudi Arabia,2018,6.55958843231201,33702757.0,74.3,816579000000.0,24228.83904,14688456370.0
526,Saudi Arabia,2019,6.49399995803833,34268529.0,74.4,803616000000.0,23450.56202,15310869119.0
527,Saudi Arabia,2020,6.52279996871948,34813867.0,74.5,703368000000.0,20203.66888,15936377001.0
528,South Africa,2005,5.20445442199707,47880595.0,57.3,288868000000.0,6033.101491,14145850450.0
529,South Africa,2006,5.34630680084229,48489464.0,56.0,303861000000.0,6266.533987,14592473038.0
530,South Africa,2007,5.21843099594116,49119766.0,54.9,333075000000.0,6780.884555,15057273313.0
531,South Africa,2008,4.65242862701416,49779472.0,54.0,316132000000.0,6350.65271,15551915567.0
532,South Africa,2009,4.93051147460938,50477013.0,53.7,329753000000.0,6532.736968,16054175011.0
533,South Africa,2010,5.13388776779175,51216967.0,53.8,417365000000.0,8148.961202,16521105019.0
534,South Africa,2011,3.66072726249695,52003759.0,54.0,458202000000.0,8810.930651,16995053971.0
535,South Africa,2012,4.82845640182495,52832659.0,54.5,434401000000.0,8222.197279,17456192937.0
536,South Africa,2013,4.88732576370239,53687125.0,55.3,400886000000.0,7467.079185,17912058881.0
537,South Africa,2014,4.76973962783813,54544184.0,56.5,381199000000.0,6988.808739,18392686817.0
538,South Africa,2015,4.51365518569946,55386369.0,58.0,346710000000.0,6259.839681,18843258345.0
539,South Africa,2016,4.88392210006714,56207649.0,58.9,323586000000.0,5756.965741,19308027414.0
540,South Africa,2017,5.03486347198486,57009751.0,59.2,381449000000.0,6690.939847,19772226154.0
541,South Africa,2018,4.94680070877075,57792520.0,69.0,404842000000.0,7005.095413,20236418776.0
542,South Africa,2019,4.95639991760254,58558267.0,62.0,387935000000.0,6624.761865,20712341392.0
543,South Africa,2020,5.1939001083374,59308690.0,62.9,335442000000.0,5655.867654,21164298479.0
544,South Korea,2005,5.7672758102417,48701069.0,78.354,934901071333.0,19196.72587,472455700.0
545,South Korea,2006,5.38962459564209,48880449.0,78.806,1053216909888.0,21546.79287,492946900.0
546,South Korea,2007,5.64768981933594,49034813.0,79.243,1172614086540.0,23913.90962,488551400.0
547,South Korea,2008,6.11602449417114,49182458.0,79.66,1047339010225.0,21294.97087,494420900.0
548,South Korea,2009,6.94659900665283,49347450.0,80.056,943941876219.0,19128.48336,508338100.0
549,South Korea,2010,6.00328683853149,49545638.0,80.432,1144066965324.0,23091.17435,518325900.0
550,South Korea,2011,5.9588098526001,49786153.0,80.79,1253223044719.0,25172.12054,530486600.0
551,South Korea,2012,5.80132532119751,50060639.0,81.137,1278427634343.0,25537.58122,580129900.0
552,South Korea,2013,5.78021144866943,50345720.0,81.472,1370795199976.0,27227.6412,602183000.0
553,South Korea,2014,5.97056436538696,50607904.0,81.795,1484318219634.0,29329.77069,603828700.0
554,South Korea,2015,5.87388706207275,50823087.0,82.1,1465773245547.0,28840.69686,602311600.0
555,South Korea,2016,5.84023141860962,50983446.0,82.379,1500111596236.0,29423.50339,588734300.0
556,South Korea,2017,5.90281677246094,51096408.0,82.628,1623901496836.0,31781.12827,607478500.0
557,South Korea,2018,5.79269552230835,51171700.0,82.846,1724845615629.0,33707.02196,614226600.0
558,South Korea,2019,5.84549999237061,51225321.0,83.033,1646739219510.0,32146.97707,623687000.0
559,South Korea,2020,5.93510007858276,51269183.0,80.982,1630525005469.0,31803.21804,626744800.0
560,Spain,2005,6.99461460113525,44019118.0,79.1,1153720000000.0,26429.15094,10597350513.0
561,Spain,2006,7.29447269439697,44728561.0,79.4,1260400000000.0,28389.07858,10958053115.0
562,Spain,2007,6.19860124588013,45429071.0,79.5,1474000000000.0,32591.35031,11326599135.0
563,Spain,2008,6.18826246261597,46068811.0,79.4,1631860000000.0,35510.72223,11663366600.0
564,Spain,2009,6.51824903488159,46583566.0,81.0,1491470000000.0,32169.50285,11960751675.0
565,Spain,2010,6.29069042205811,46931011.0,81.0,1422110000000.0,30532.48051,12244624388.0
566,Spain,2011,6.15002727508545,47084242.0,88.0,1480710000000.0,31677.90031,12529353918.0
567,Spain,2012,6.45647764205933,47063059.0,89.0,1324740000000.0,28322.80925,12808317845.0
568,Spain,2013,6.38066339492798,46930554.0,81.3,1355140000000.0,29067.80946,13061043968.0
569,Spain,2014,6.31861209869385,46777927.0,81.6,1371220000000.0,29500.78943,13316111870.0
570,Spain,2015,6.23017311096191,46671919.0,81.9,1195600000000.0,25742.36883,13587806073.0
571,Spain,2016,6.51337099075317,46634131.0,82.1,1232910000000.0,26523.34822,13848564029.0
572,Spain,2017,6.45744943618774,46647425.0,82.0,1312540000000.0,28170.16786,14123205992.0
573,Spain,2018,6.50217533111572,46692863.0,82.4,1420990000000.0,30364.57994,14392919429.0
574,Spain,2019,6.49069976806641,46736782.0,82.6,1393050000000.0,29554.49052,14644417928.0
575,Spain,2020,6.47629976272583,46754783.0,82.8,1281480000000.0,27056.42175,14853332896.0
576,Sweden,2005,7.24136257171631,9038627.0,79.6,392218000000.0,43437.06312,4294318961.0
577,Sweden,2006,7.51599740982056,9096170.0,79.8,423093000000.0,46593.60216,4348021600.0
578,Sweden,2007,7.26597738265991,9162941.0,79.9,491253000000.0,53700.00534,4400991791.0
579,Sweden,2008,7.49601888656616,9236433.0,82.0,517706000000.0,56152.55234,4451878630.0
580,Sweden,2009,7.38223218917847,9313085.0,83.0,436537000000.0,46946.96027,4499130831.0
581,Sweden,2010,7.56014776229858,9390157.0,85.0,495813000000.0,52869.04429,4552257184.0
582,Sweden,2011,7.43401050567627,9466705.0,88.0,574094000000.0,60755.75955,4601514453.0
583,Sweden,2012,7.23914766311646,9542817.0,89.0,552484000000.0,58037.82132,4648288304.0
584,Sweden,2013,7.28892230987549,9618016.0,81.1,586842000000.0,61126.9432,4693494300.0
585,Sweden,2014,7.36874437332153,9692137.0,81.4,581964000000.0,60020.36046,4736830244.0
586,Sweden,2015,7.28680467605591,9764949.0,81.5,505104000000.0,51545.48361,4780432845.0
587,Sweden,2016,7.37479209899902,9836003.0,81.7,515655000000.0,51965.15715,4823694854.0
588,Sweden,2017,7.39809274673462,9904895.0,81.7,541019000000.0,53791.50873,4866288582.0
589,Sweden,2018,7.31434106826782,9971630.0,81.9,555455000000.0,54589.06039,4908383990.0
590,Sweden,2019,7.36269998550415,10036391.0,82.3,533880000000.0,51939.42974,4949320857.0
591,Sweden,2020,7.38430023193359,10099270.0,82.4,541487000000.0,52300.2062,4987955651.0
592,Tajikistan,2005,4.4316086769104,6789318.0,63.7,2312327536.0,340.5831832,416277061.0
593,Tajikistan,2006,5.06398677825928,6922590.0,64.0,2830220713.0,408.8384135,418932229.0
594,Tajikistan,2007,4.5751748085022,7062667.0,64.3,3719506173.0,526.6432883,422159325.0
595,Tajikistan,2008,4.38063621520996,7209924.0,65.2,5161337336.0,715.8657063,425055345.0
596,Tajikistan,2009,4.26267147064209,7364752.0,65.9,4979481980.0,676.1235111,427499319.0
597,Tajikistan,2010,4.49657154083252,7527397.0,65.5,5642178580.0,749.5524123,430035734.0
598,Tajikistan,2011,4.96652126312256,7697507.0,65.9,6522732203.0,847.3824321,432376470.0
599,Tajikistan,2012,4.89615774154663,7874838.0,66.1,7633049792.0,969.2961039,435309882.0
600,Tajikistan,2013,5.12421083450317,8059782.0,66.4,8448469838.0,1048.225602,438216775.0
601,Tajikistan,2014,5.10372114181519,8252827.0,66.7,9112544556.0,1104.172358,442816897.0
602,Tajikistan,2015,5.82923412322998,8454019.0,67.3,8271454301.0,978.4049812,448119179.0
603,Tajikistan,2016,5.49746894836426,8663575.0,68.1,6992393787.0,807.1025861,454559091.0
604,Tajikistan,2017,5.4640154838562,8880270.0,68.8,7536439875.0,848.6723799,462424105.0
605,Tajikistan,2018,5.37339878082275,9100847.0,69.3,7765014424.0,853.2188734,471531723.0
606,Tajikistan,2019,5.46619987487793,9321023.0,69.6,8300784857.0,890.5444024,480165854.0
607,Tajikistan,2020,5.37709999084473,9537642.0,69.7,8133996648.0,852.8309878,489613510.0
608,Tanzania,2005,4.3179497718811,38450323.0,54.349,18399046025.0,492.6313477,3978593.0
609,Tanzania,2006,4.38474178314209,39548666.0,55.119,18649590248.0,485.4974365,5395919.0
610,Tanzania,2007,3.40750789642334,40681416.0,55.926,21843529025.0,552.8394775,6009584.0
611,Tanzania,2008,3.22912907600403,41853944.0,56.777,27941177435.0,687.3904419,6413235.0
612,Tanzania,2009,4.07356214523315,43073830.0,57.666,29081425282.0,695.2168579,6257558.0
613,Tanzania,2010,4.00689744949341,44346532.0,58.584,32014249841.0,743.4036865,6463282.0
614,Tanzania,2011,3.85239481925964,45673520.0,59.525,34657139495.0,781.4338989,6287901.0
615,Tanzania,2012,3.48327851295471,47053033.0,60.47,39650530214.0,867.8574829,7331722.0
616,Tanzania,2013,3.66059732437134,48483132.0,61.398,45680532614.0,970.3995972,8661963.0
617,Tanzania,2014,2.90273427963257,49960563.0,62.288,49964788814.0,1030.077637,10479890.0
618,Tanzania,2015,3.3471212387085,51482638.0,63.111,47378599025.0,947.9333496,11478780.0
619,Tanzania,2016,3.44502329826355,53049231.0,63.844,49774021003.0,966.5029907,11382730.0
620,Tanzania,2017,3.64015483856201,54660345.0,64.479,53320625959.0,1004.906616,12411550.0
621,Tanzania,2018,3.78568410873413,56313444.0,65.015,57003713611.0,1042.838745,11591930.0
622,Tanzania,2019,3.62319993972778,58005461.0,65.456,61136873692.0,1085.884888,12055210.0
623,Tanzania,2020,3.70239996910095,59734213.0,60.267,62409709111.0,1076.469727,12283430.0
624,Thailand,2005,5.78389120101929,65416189.0,71.1,189319000000.0,2894.062656,3429230240.0
625,Thailand,2006,5.63647127151489,65812539.0,71.2,221758000000.0,3369.543198,3655560812.0
626,Thailand,2007,5.47564506530762,66182064.0,71.4,262942000000.0,3973.017172,3884970942.0
627,Thailand,2008,6.21670293807983,66530979.0,71.7,291383000000.0,4379.658787,4111844432.0
628,Thailand,2009,6.66360902786255,66866834.0,71.6,281710000000.0,4213.006654,4354118162.0
629,Thailand,2010,6.30023527145386,67195032.0,72.5,341105000000.0,5076.339872,4609523027.0
630,Thailand,2011,6.23102474212646,67518379.0,73.0,370819000000.0,5492.1215,4863135212.0
631,Thailand,2012,6.98546361923218,67835969.0,73.3,397558000000.0,5860.581471,5133403120.0
632,Thailand,2013,6.20176267623901,68144519.0,73.5,420333000000.0,6168.261356,5421000776.0
633,Thailand,2014,6.07363986968994,68438748.0,73.7,407339000000.0,5951.883487,5703649146.0
634,Thailand,2015,5.9388952255249,68714519.0,73.9,401296000000.0,5840.053067,5989336794.0
635,Thailand,2016,6.01156187057495,68971313.0,74.1,413366000000.0,5993.305516,6272771329.0
636,Thailand,2017,6.02215147018433,69209817.0,74.3,456357000000.0,6593.818352,6558730892.0
637,Thailand,2018,5.88454437255859,69428454.0,74.5,506755000000.0,7298.947146,6834907848.0
638,Thailand,2019,5.98470020294189,69625581.0,74.6,544081000000.0,7814.384431,7106532407.0
639,Thailand,2020,5.89120006561279,69799978.0,74.9,499682000000.0,7158.766684,7364298189.0
640,Turkey,2005,5.62347173690796,67903461.0,74.0,506308311477.0,7456.296101,5486819690.0
641,Turkey,2006,5.11823177337646,68756809.0,78.0,557057829051.0,8101.856924,5768468875.0
642,Turkey,2007,5.21284151077271,69581854.0,71.2,681337335022.0,9791.88245,6081205583.0
643,Turkey,2008,5.49034738540649,70418612.0,71.6,770462156204.0,10941.17215,6390526778.0
644,Turkey,2009,5.27194404602051,71321406.0,72.0,649272568774.0,9103.474051,6705886416.0
645,Turkey,2010,5.3090763092041,72326992.0,72.4,776992599947.0,10742.77498,7020266449.0
646,Turkey,2011,4.88817739486694,73443254.0,72.8,838762755164.0,11420.55546,7359748701.0
647,Turkey,2012,5.57979440689087,74651046.0,73.2,880556375780.0,11795.63346,7713414910.0
648,Turkey,2013,5.51446533203125,75925454.0,73.5,957783020853.0,12614.78161,8058635494.0
649,Turkey,2014,5.32622194290161,77229262.0,73.9,938952628604.0,12157.99043,8420310957.0
650,Turkey,2015,5.607262134552,78529413.0,74.2,864316670331.0,11006.27952,8801642900.0
651,Turkey,2016,5.1856894493103,79827868.0,74.5,869692960366.0,10894.60338,9202882638.0
652,Turkey,2017,4.87207365036011,81116451.0,74.8,858996263096.0,10589.66772,9628211868.0
653,Turkey,2018,4.86155414581299,82340090.0,75.2,778377023569.0,9453.196172,10047648773.0
654,Turkey,2019,4.9475998878479,83429607.0,75.5,761428183369.0,9126.594392,10446993687.0
655,Turkey,2020,4.74420022964478,84339067.0,75.8,720101212394.0,8538.16906,10839787738.0
656,Uganda,2005,4.45583868026733,27684590.0,46.6,9239221859.0,333.7315763,45056521.0
657,Uganda,2006,4.56861925125122,28571475.0,47.7,9977647645.0,349.2171001,47439907.0
658,Uganda,2007,4.61198568344116,29486335.0,48.8,11902564401.0,403.6637446,50149897.0
659,Uganda,2008,4.19288206100464,30431734.0,51.0,14440404021.0,474.5179496,52929511.0
660,Uganda,2009,4.82600116729736,31411096.0,51.3,25127805566.0,799.9658963,55929309.0
661,Uganda,2010,4.30923795700073,32428164.0,53.2,26673441667.0,822.5393725,59498928.0
662,Uganda,2011,3.7095787525177,33476771.0,54.9,27871725206.0,832.5690782,63322997.0
663,Uganda,2012,3.7699191570282,34558700.0,55.5,27305915761.0,790.1314506,66949984.0
664,Uganda,2013,4.23768663406372,35694519.0,56.3,28915786997.0,810.090395,70704514.0
665,Uganda,2014,4.23326110839844,36911530.0,57.5,32612397758.0,883.5287445,74794180.0
666,Uganda,2015,4.00051689147949,38225447.0,58.4,32387183845.0,847.2676289,79319750.0
667,Uganda,2016,4.32171487808228,39649173.0,59.3,29203988815.0,736.5598474,84110087.0
668,Uganda,2017,4.94805145263672,41166588.0,60.0,30744473912.0,746.8307529,89483596.0
669,Uganda,2018,4.64090967178345,42729032.0,67.0,32927025573.0,770.6007843,94981979.0
670,Uganda,2019,4.63649988174438,44269587.0,61.5,35353060634.0,798.5857341,100702776.0
671,Uganda,2020,4.60260009765625,45741000.0,62.3,37600368181.0,822.0276815,105594979.0
672,Ukraine,2005,5.25218152999878,46890775.0,67.5,89239370109.0,1894.470825,26477095771.0
673,Ukraine,2006,5.1723804473877,46607397.0,67.7,111885000000.0,2391.323975,26809766108.0
674,Ukraine,2007,5.16563940048218,46366347.0,67.6,148734000000.0,3197.934326,27146130122.0
675,Ukraine,2008,5.05756139755249,46158709.0,67.6,188111000000.0,4066.547852,27471662835.0
676,Ukraine,2009,5.08313274383545,45970942.0,67.4,121553000000.0,2639.391602,27748956336.0
677,Ukraine,2010,5.03034210205078,45792086.0,67.0,141210000000.0,3078.429932,28043034658.0
678,Ukraine,2011,4.71080255508423,45619850.0,67.7,169333000000.0,3704.824951,28350987499.0
679,Ukraine,2012,4.29732990264893,45453805.0,67.5,182592000000.0,4004.804443,28654963929.0
680,Ukraine,2013,3.96454286575317,45286988.0,67.7,190499000000.0,4187.739746,28952213568.0
681,Ukraine,2014,4.02869033813477,45111530.0,69.2,133503000000.0,3104.643311,29209722174.0
682,Ukraine,2015,4.3110671043396,44921636.0,69.8,91030959455.0,2124.662354,29433544289.0
683,Ukraine,2016,4.66190910339355,44713708.0,75.0,93355993629.0,2187.730469,29667550244.0
684,Ukraine,2017,4.70176219940186,44487708.0,77.0,112091000000.0,2638.326172,29890635220.0
685,Ukraine,2018,5.26967573165894,44246158.0,71.0,130891000000.0,3096.561768,30122668146.0
686,Ukraine,2019,4.87480020523071,43993643.0,78.0,153883000000.0,3661.456299,30345247469.0
687,Ukraine,2020,5.08409976959229,43733759.0,71.3,156618000000.0,3751.740723,30559156342.0
688,United Kingdom,2005,6.80193090438843,60287953.0,79.052,2544830000000.0,42132.09072,71321693012.0
689,United Kingdom,2006,6.98646354675293,60821349.0,79.316,2717060000000.0,44654.09692,71889264950.0
690,United Kingdom,2007,6.90654706954956,61455154.0,79.584,3106180000000.0,50653.25691,72448501368.0
691,United Kingdom,2008,7.02936410903931,62145098.0,79.85,2938880000000.0,47549.34863,72992999493.0
692,United Kingdom,2009,6.86924886703491,62828620.0,80.11,2425800000000.0,38952.21103,73486894347.0
693,United Kingdom,2010,6.880784034729,63459801.0,80.352,2491110000000.0,39688.61497,73998525977.0
694,United Kingdom,2011,6.91805505752563,64021922.0,80.564,2674890000000.0,42284.88449,74467979649.0
695,United Kingdom,2012,6.75814771652222,64525300.0,80.739,2719160000000.0,42686.80005,74955496204.0
696,United Kingdom,2013,6.51544523239136,64984015.0,80.876,2803290000000.0,43713.81412,75432883692.0
697,United Kingdom,2014,6.82428359985352,65423048.0,80.978,3087170000000.0,47787.2413,75871424691.0
698,United Kingdom,2015,7.10327339172363,65860149.0,81.052,2956570000000.0,45404.56777,76293764798.0
699,United Kingdom,2016,7.2334451675415,66297944.0,81.111,2722850000000.0,41499.5557,76693102192.0
700,United Kingdom,2017,7.157151222229,66727463.0,81.168,2699020000000.0,40857.75558,77080667373.0
701,United Kingdom,2018,6.79817724227905,67141678.0,81.236,2900790000000.0,43646.95197,77462557032.0
702,United Kingdom,2019,7.06360006332397,67530161.0,81.321,2878670000000.0,43070.49836,77831566725.0
703,United Kingdom,2020,6.94250011444092,67886004.0,80.487,2756900000000.0,41098.07865,78161145636.0
704,United States,2005,7.51268768310547,294993509.0,77.685,13039200000000.0,44123.40707,334000000000.0
705,United States,2006,7.28038597106934,297758977.0,77.892,13815600000000.0,46302.00088,340000000000.0
706,United States,2007,7.15803241729736,300608425.0,78.101,14474200000000.0,48050.22378,347000000000.0
707,United States,2008,7.16361618041992,303486022.0,78.303,14769900000000.0,48570.04598,353000000000.0
708,United States,2009,7.1151385307312,306307565.0,78.49,14478100000000.0,47194.94335,358000000000.0
709,United States,2010,7.02622699737549,309011469.0,78.652,15049000000000.0,48650.64313,364000000000.0
710,United States,2011,7.24928522109985,311584051.0,78.777,15599700000000.0,50065.9665,369000000000.0
711,United States,2012,7.15111446380615,314043885.0,78.862,16254000000000.0,51784.41857,375000000000.0
712,United States,2013,6.86394691467285,316400539.0,78.909,16843200000000.0,53291.12769,380000000000.0
713,United States,2014,6.80359983444214,318673422.0,78.922,17550700000000.0,55123.84979,386000000000.0
714,United States,2015,6.99175930023193,320878312.0,78.91,18206000000000.0,56762.72945,391000000000.0
715,United States,2016,6.8826847076416,323015992.0,78.885,18695100000000.0,57866.74493,396000000000.0
716,United States,2017,6.94370126724243,325084758.0,78.861,19479600000000.0,59914.7778,401000000000.0
717,United States,2018,7.02808809280396,327096263.0,78.851,20527200000000.0,62805.25376,407000000000.0
718,United States,2019,6.95149993896484,329064917.0,78.862,21372600000000.0,65094.79943,412000000000.0
719,United States,2020,6.97679996490479,331002647.0,78.597,20893700000000.0,63027.67953,417000000000.0
720,Uruguay,2005,5.69394588470459,3321799.0,75.1,17362857684.0,5226.9441,267413347.0
721,Uruguay,2006,5.66386985778809,3325403.0,75.2,19579457966.0,5887.845162,274010442.0
722,Uruguay,2007,6.29622268676758,3331753.0,75.4,23410572634.0,7026.503055,279957943.0
723,Uruguay,2008,6.06201076507568,3340221.0,75.4,30366213119.0,9091.079039,288159572.0
724,Uruguay,2009,6.55404710769653,3349676.0,75.4,31660911277.0,9451.932449,296106343.0
725,Uruguay,2010,6.44972848892212,3359273.0,75.7,40284481652.0,11992.02377,302404303.0
726,Uruguay,2011,6.44446468353271,3368926.0,76.2,47962439304.0,14236.715,310056947.0
727,Uruguay,2012,6.56144380569458,3378975.0,75.4,51264390116.0,15171.58017,318648738.0
728,Uruguay,2013,6.62808036804199,3389436.0,76.4,57531233351.0,16973.68924,326141111.0
729,Uruguay,2014,6.17148542404175,3400439.0,76.6,57236013086.0,16831.94819,332825434.0
730,Uruguay,2015,6.33600997924805,3412013.0,76.3,53274304222.0,15613.74597,339550899.0
731,Uruguay,2016,6.37171459197998,3424139.0,77.0,57236652490.0,16715.63347,346071339.0
732,Uruguay,2017,6.60033702850342,3436645.0,76.5,64233966861.0,18690.89384,352233912.0
733,Uruguay,2018,6.30968141555786,3449290.0,76.8,64515038268.0,18703.86029,358804882.0
734,Uruguay,2019,6.43139982223511,3461731.0,76.8,61231149881.0,17688.01501,365388867.0
735,Uruguay,2020,6.47359991073608,3473727.0,77.0,53560755047.0,15418.81531,371228927.0
736,Zimbabwe,2005,3.28024673461914,12076697.0,46.0,5755215200.0,476.5554025,630859573.0
737,Zimbabwe,2006,3.17426371574402,12155496.0,45.3,5443896500.0,447.8547399,641225034.0
738,Zimbabwe,2007,4.05591440200806,12255920.0,44.8,5291950100.0,431.7872587,651060195.0
739,Zimbabwe,2008,4.68156957626343,12379553.0,44.5,4415702800.0,356.6932344,658780209.0
740,Zimbabwe,2009,4.84564161300659,12526964.0,44.3,9665793300.0,771.5990323,664256525.0
741,Zimbabwe,2010,4.95510053634644,12697728.0,44.6,12041655200.0,948.331481,672134841.0
742,Zimbabwe,2011,4.69018793106079,12894323.0,45.4,14101920300.0,1093.653409,681878824.0
743,Zimbabwe,2012,4.18445062637329,13115149.0,46.6,17114849900.0,1304.968011,689761713.0
744,Zimbabwe,2013,3.70319128036499,13350378.0,48.2,19091020000.0,1429.998461,701597967.0
745,Zimbabwe,2014,3.73540019989014,13586710.0,50.0,19495519600.0,1434.896277,713503654.0
746,Zimbabwe,2015,3.63830018043518,13814642.0,52.4,19963120600.0,1445.069702,725729475.0
747,Zimbabwe,2016,3.61647987365723,14030338.0,54.9,20548678100.0,1464.588957,736467042.0
748,Zimbabwe,2017,2.69352316856384,14236599.0,56.6,17584890937.0,1235.189032,746048675.0
749,Zimbabwe,2018,3.15980219841003,14438812.0,58.0,18115543791.0,1254.642265,757903042.0
750,Zimbabwe,2019,3.14479994773865,14645473.0,59.2,19284289739.0,1316.740657,768852126.0
751,Zimbabwe,2020,2.9951000213623,14862927.0,67.0,18051170799.0,1214.50982,779383468.0
