,Country,Target Year,Population lag 1 year,Population Current,Life Ex lag 1 year,Life Ex Current,GDP lag 1 year,GDP Current,GDP_cap lag 1 year,GDP_cap Current,CO2 lag 1 year,CO2 Current,Happy lag 1 year
0,Argentina,2006,38892924.0,39289876.0,74.1,74.0,198737000000.0,232557000000.0,5109.852245,5919.012338,5690959659.0,5865568651.0,6.07315826416016
1,Argentina,2007,39289876.0,39684303.0,74.0,74.1,232557000000.0,287531000000.0,5919.012338,7245.446857,5865568651.0,6039814411.0,5.96103429794312
2,Argentina,2008,39684303.0,40080159.0,74.1,74.1,287531000000.0,361558000000.0,7245.446857,9020.873323,6039814411.0,6227920411.0,6.42413330078125
3,Argentina,2009,40080159.0,40482786.0,74.1,74.7,361558000000.0,332976000000.0,9020.873323,8225.137583,6227920411.0,6406869611.0,6.44106721878052
4,Argentina,2010,40482786.0,40895751.0,74.7,74.9,332976000000.0,423627000000.0,8225.137583,10385.96443,6406869611.0,6593602747.0,6.77580547332764
5,Argentina,2011,40895751.0,41320497.0,74.9,75.2,423627000000.0,530163000000.0,10385.96443,12848.8642,6593602747.0,6783876521.0,6.46838712692261
6,Argentina,2012,41320497.0,41755188.0,75.2,74.8,530163000000.0,545982000000.0,12848.8642,13082.66433,6783876521.0,6975591369.0,6.58226013183594
7,Argentina,2013,41755188.0,42196034.0,74.8,75.4,545982000000.0,552025000000.0,13082.66433,13080.25473,6975591369.0,7165724742.0,6.67111444473267
8,Argentina,2014,42196034.0,42637508.0,75.4,75.6,552025000000.0,526320000000.0,13080.25473,12334.79825,7165724742.0,7354381844.0,6.69713068008423
9,Argentina,2015,42637508.0,43075416.0,75.6,75.5,526320000000.0,594749000000.0,12334.79825,13789.06042,7354381844.0,7546787804.0,6.42722129821777
15,Bangladesh,2006,139035505.0,140921154.0,65.3,65.8,69442943089.0,71819083684.0,499.4619402,509.6401899,584171704.0,625860872.0,4.60732221603394
16,Bangladesh,2007,140921154.0,142660381.0,65.8,66.3,71819083684.0,79611888213.0,509.6401899,558.0518407,625860872.0,668503000.0,5.05227851867676
17,Bangladesh,2008,142660381.0,144304164.0,66.3,66.8,79611888213.0,91631278239.0,558.0518407,634.9870697,668503000.0,713803872.0,5.08285140991211
18,Bangladesh,2009,144304164.0,145924795.0,66.8,67.3,91631278239.0,102478000000.0,634.9870697,702.2644196,713803872.0,762951944.0,4.85848140716553
19,Bangladesh,2010,145924795.0,147575433.0,67.3,67.8,102478000000.0,115279000000.0,702.2644196,781.1535777,762951944.0,816943497.0,4.98564910888672
20,Bangladesh,2011,147575433.0,149273134.0,67.8,68.2,115279000000.0,128638000000.0,781.1535777,861.7621622,816943497.0,873499841.0,4.7244439125061
21,Bangladesh,2012,149273134.0,151005733.0,68.2,68.6,128638000000.0,133356000000.0,861.7621622,883.1171296,873499841.0,934191161.0,4.66016101837158
22,Bangladesh,2013,151005733.0,152761413.0,68.6,69.1,133356000000.0,149990000000.0,883.1171296,981.8608514,934191161.0,995972826.0,4.63556480407715
23,Bangladesh,2014,152761413.0,154517385.0,69.1,69.5,149990000000.0,172885000000.0,981.8608514,1118.873808,995972826.0,1061951464.0,4.63347387313843
24,Bangladesh,2015,154517385.0,156256287.0,69.5,69.9,172885000000.0,195079000000.0,1118.873808,1248.45331,1061951464.0,1135228712.0,4.5561408996582
30,Bolivia,2006,9232301.0,9395449.0,65.312,65.853,9549077919.0,11451869202.0,1034.311806,1218.874074,252115175.0,263662889.0,5.62841939926147
31,Bolivia,2007,9395449.0,9558438.0,65.853,66.395,11451869202.0,13120183208.0,1218.874074,1372.628374,263662889.0,276325429.0,5.29787254333496
32,Bolivia,2008,9558438.0,9721457.0,66.395,66.937,13120183208.0,16674324662.0,1372.628374,1715.208395,276325429.0,289879151.0,6.08557939529419
33,Bolivia,2009,9721457.0,9884790.0,66.937,67.476,16674324662.0,17339992194.0,1715.208395,1754.209467,289879151.0,304108591.0,5.78062009811401
34,Bolivia,2010,9884790.0,10048597.0,67.476,68.007,17339992194.0,19649631308.0,1754.209467,1955.460181,304108591.0,319534555.0,5.77887439727783
35,Bolivia,2011,10048597.0,10212951.0,68.007,68.521,19649631308.0,23963033429.0,1955.460181,2346.337844,319534555.0,336526971.0,6.0188946723938
36,Bolivia,2012,10212951.0,10377677.0,68.521,69.01,23963033429.0,27084497482.0,2346.337844,2609.880562,336526971.0,354305885.0,5.76742887496948
37,Bolivia,2013,10377677.0,10542375.0,69.01,69.468,27084497482.0,30659338886.0,2609.880562,2908.200371,354305885.0,373399755.0,5.8647985458374
38,Bolivia,2014,10542375.0,10706517.0,69.468,69.891,30659338886.0,32996188017.0,2908.200371,3081.878824,373399755.0,394116472.0,5.83432912826538
39,Bolivia,2015,10706517.0,10869732.0,69.891,70.277,32996188017.0,33000198249.0,3081.878824,3035.971655,394116472.0,415394141.0,5.76972341537476
45,Brazil,2006,186127108.0,188167353.0,75.0,71.0,891634000000.0,1107630000000.0,4790.456566,5886.391522,9225451782.0,9594322782.0,6.3206729888916
46,Brazil,2007,188167353.0,190130445.0,71.0,71.4,1107630000000.0,1397110000000.0,5886.391522,7348.187963,9594322782.0,9984895782.0,6.69142484664917
47,Brazil,2008,190130445.0,192030362.0,71.4,71.8,1397110000000.0,1695860000000.0,7348.187963,8831.183643,9984895782.0,10397533782.0,7.00083160400391
48,Brazil,2009,192030362.0,193886505.0,71.8,72.0,1695860000000.0,1667000000000.0,8831.183643,8597.794335,10397533782.0,10787308782.0,6.83733129501343
49,Brazil,2010,193886505.0,195713637.0,72.0,72.7,1667000000000.0,2208840000000.0,8597.794335,11286.07154,10787308782.0,11227577782.0,7.03781652450562
50,Brazil,2011,195713637.0,197514541.0,72.7,73.0,2208840000000.0,2616160000000.0,11286.07154,13245.38737,11227577782.0,11690157782.0,6.66000366210938
51,Brazil,2012,197514541.0,199287292.0,73.0,73.3,2616160000000.0,2465230000000.0,13245.38737,12370.22325,11690157782.0,12188466782.0,7.14028263092041
52,Brazil,2013,199287292.0,201035904.0,73.3,73.4,2465230000000.0,2472820000000.0,12370.22325,12300.38671,12188466782.0,12720884782.0,6.98099899291992
53,Brazil,2014,201035904.0,202763744.0,73.4,73.6,2472820000000.0,2456040000000.0,12300.38671,12112.83496,12720884782.0,13278785782.0,6.54689693450928
54,Brazil,2015,202763744.0,204471759.0,73.6,73.8,2456040000000.0,1802210000000.0,12112.83496,8813.989806,13278785782.0,13808138782.0,6.37481737136841
60,Cambodia,2006,13273355.0,13477705.0,57.7,58.5,6293046162.0,7274595707.0,474.1111921,539.7503289,40051143.0,43048295.0,4.15597105026245
61,Cambodia,2007,13477705.0,13679953.0,58.5,59.3,7274595707.0,8639235842.0,539.7503289,631.5252576,43048295.0,46519437.0,4.4621639251709
62,Cambodia,2008,13679953.0,13883835.0,59.3,63.0,8639235842.0,10351914093.0,631.5252576,745.609127,46519437.0,50400809.0,4.11062574386597
63,Cambodia,2009,13883835.0,14093605.0,63.0,61.5,10351914093.0,10401851851.0,745.609127,738.0547312,50400809.0,54957895.0,4.14107227325439
64,Cambodia,2010,14093605.0,14312205.0,61.5,62.9,10401851851.0,11242275199.0,738.0547312,785.5026671,54957895.0,60058259.0,4.16122531890869
65,Cambodia,2011,14312205.0,14541421.0,62.9,64.1,11242275199.0,12829541141.0,785.5026671,882.275614,60058259.0,65252349.0,3.89870691299438
66,Cambodia,2012,14541421.0,14780454.0,64.1,65.0,12829541141.0,14054443213.0,882.275614,950.880346,65252349.0,70703789.0,3.67446684837341
67,Cambodia,2013,14780454.0,15026330.0,65.0,65.6,14054443213.0,15227991395.0,950.880346,1013.420536,70703789.0,76281895.0,3.88330554962158
68,Cambodia,2014,15026330.0,15274506.0,65.6,66.1,15227991395.0,16702610842.0,1013.420536,1093.495976,76281895.0,82775697.0,4.16216468811035
69,Cambodia,2015,15274506.0,15521435.0,66.1,66.6,16702610842.0,18049954289.0,1093.495976,1162.904995,82775697.0,91302231.0,4.46125936508179
75,Cameroon,2006,17733408.0,18223677.0,51.4,51.5,19509850837.0,20910513975.0,1100.174926,1147.4366,116874535.0,120627001.0,4.34993934631348
76,Cameroon,2007,18223677.0,18730283.0,51.5,51.6,20910513975.0,23928251334.0,1147.4366,1277.516807,120627001.0,126330101.0,4.2918004989624
77,Cameroon,2008,18730283.0,19252674.0,51.6,51.8,23928251334.0,27715144580.0,1277.516807,1439.547804,126330101.0,131756117.0,4.7414083480835
78,Cameroon,2009,19252674.0,19789922.0,51.8,52.1,27715144580.0,27932971683.0,1439.547804,1411.474572,131756117.0,138350167.0,4.55425691604614
79,Cameroon,2010,19789922.0,20341236.0,52.1,52.8,27932971683.0,27507499709.0,1411.474572,1352.302275,138350167.0,145012214.0,4.43388509750366
80,Cameroon,2011,20341236.0,20906392.0,52.8,53.3,27507499709.0,30630912185.0,1352.302275,1465.145788,145012214.0,151533021.0,4.24463415145874
81,Cameroon,2012,20906392.0,21485267.0,53.3,53.6,30630912185.0,30155064574.0,1465.145788,1403.522915,151533021.0,157692392.0,4.27103805541992
82,Cameroon,2013,21485267.0,22077300.0,53.6,54.2,30155064574.0,33728622819.0,1403.522915,1527.751257,157692392.0,162762779.0,4.24044132232666
83,Cameroon,2014,22077300.0,22681853.0,54.2,54.8,33728622819.0,36386546918.0,1527.751257,1604.214035,162762779.0,169612568.0,5.03796482086182
84,Cameroon,2015,22681853.0,23298376.0,54.8,55.3,36386546918.0,32210232912.0,1604.214035,1382.50979,169612568.0,177358737.0,4.81623220443726
90,Canada,2006,32164313.0,32536994.0,79.1,79.4,1173110000000.0,1319260000000.0,36382.50792,40504.06073,25042819787.0,25614229550.0,7.48175287246704
91,Canada,2007,32536994.0,32930795.0,79.4,79.5,1319260000000.0,1468820000000.0,40504.06073,44659.89514,25614229550.0,26208894916.0,7.48560380935669
92,Canada,2008,32930795.0,33337638.0,79.5,79.7,1468820000000.0,1552990000000.0,44659.89514,46710.50558,26208894916.0,26788262055.0,7.48782444000244
93,Canada,2009,33337638.0,33746093.0,79.7,80.0,1552990000000.0,1374630000000.0,46710.50558,40876.31015,26788262055.0,27334872496.0,7.65034627914429
94,Canada,2010,33746093.0,34147566.0,80.0,81.0,1374630000000.0,1617340000000.0,40876.31015,47562.08343,27334872496.0,27893676503.0,7.42605352401733
95,Canada,2011,34147566.0,34539156.0,81.0,85.0,1617340000000.0,1793330000000.0,47562.08343,52223.69611,27893676503.0,28463546701.0,7.41514444351196
96,Canada,2012,34539156.0,34922031.0,85.0,85.0,1793330000000.0,1828370000000.0,52223.69611,52669.08996,28463546701.0,29032809432.0,7.59379386901855
97,Canada,2013,34922031.0,35296535.0,85.0,87.0,1828370000000.0,1846600000000.0,52669.08996,52635.17496,29032809432.0,29606508169.0,7.30425786972046
98,Canada,2014,35296535.0,35664338.0,87.0,81.0,1846600000000.0,1805750000000.0,52635.17496,50955.99832,29606508169.0,30177071586.0,7.41277265548706
99,Canada,2015,35664338.0,36026668.0,81.0,81.2,1805750000000.0,1556510000000.0,50955.99832,43596.13554,30177071586.0,30750132962.0,7.24484586715698
105,Chile,2006,16182713.0,16354507.0,77.3,77.3,122315000000.0,153840000000.0,7558.371754,9406.584485,1741318811.0,1805268135.0,5.69792985916138
106,Chile,2007,16354507.0,16530201.0,77.3,77.8,153840000000.0,172566000000.0,9406.584485,10439.42846,1805268135.0,1875951383.0,5.78943872451782
107,Chile,2008,16530201.0,16708255.0,77.8,77.9,172566000000.0,179663000000.0,10439.42846,10752.9723,1875951383.0,1946746543.0,6.49368619918823
108,Chile,2009,16708255.0,16886184.0,77.9,78.0,179663000000.0,171413000000.0,10752.9723,10151.05852,1946746543.0,2012647046.0,6.63565587997437
109,Chile,2010,16886184.0,17062531.0,78.0,78.4,171413000000.0,217105000000.0,10151.05852,12724.10406,2012647046.0,2083958001.0,6.52633476257324
110,Chile,2011,17062531.0,17233584.0,78.4,78.9,217105000000.0,251225000000.0,12724.10406,14577.63266,2083958001.0,2162022405.0,6.59912872314453
111,Chile,2012,17233584.0,17400359.0,78.9,78.9,251225000000.0,267176000000.0,14577.63266,15354.6184,2162022405.0,2241705986.0,6.74015378952026
112,Chile,2013,17400359.0,17571511.0,78.9,79.6,267176000000.0,277239000000.0,15354.6184,15777.78151,2241705986.0,2323516854.0,6.84423828125
113,Chile,2014,17571511.0,17758969.0,79.6,79.3,277239000000.0,259405000000.0,15777.78151,14606.99672,2323516854.0,2401090633.0,6.53274965286255
114,Chile,2015,17758969.0,17969356.0,79.3,79.1,259405000000.0,242497000000.0,14606.99672,13495.01061,2401090633.0,2482915104.0,6.57905626296997
120,China,2006,1330776380.0,1338408644.0,71.7,72.2,2285970000000.0,2752130000000.0,1753.417829,2099.229435,97916885868.0,104000000000.0,4.86286211013794
121,China,2007,1338408644.0,1345993891.0,72.2,72.7,2752130000000.0,3550340000000.0,2099.229435,2693.970063,104000000000.0,111000000000.0,4.84629487991333
122,China,2008,1345993891.0,1353569480.0,72.7,73.1,3550340000000.0,4594310000000.0,2693.970063,3468.304602,111000000000.0,119000000000.0,4.45436096191406
123,China,2009,1353569480.0,1361169410.0,73.1,73.5,4594310000000.0,5101700000000.0,3468.304602,3832.236432,119000000000.0,127000000000.0,4.65273666381836
124,China,2010,1361169410.0,1368810604.0,73.5,73.9,5101700000000.0,6087160000000.0,3832.236432,4550.453108,127000000000.0,135000000000.0,5.03720760345459
125,China,2011,1368810604.0,1376497633.0,73.9,74.2,6087160000000.0,7551500000000.0,4550.453108,5614.352135,135000000000.0,145000000000.0,5.09491729736328
126,China,2012,1376497633.0,1384206408.0,74.2,74.4,7551500000000.0,8532230000000.0,5614.352135,6300.615118,145000000000.0,155000000000.0,5.24109029769897
127,China,2013,1384206408.0,1391883335.0,74.4,74.5,8532230000000.0,9570410000000.0,6300.615118,7020.338485,155000000000.0,165000000000.0,5.19561910629272
128,China,2014,1391883335.0,1399453966.0,74.5,74.9,9570410000000.0,10475700000000.0,7020.338485,7636.116601,165000000000.0,175000000000.0,5.30387783050537
129,China,2015,1399453966.0,1406847868.0,74.9,75.0,10475700000000.0,11061600000000.0,7636.116601,8016.431435,175000000000.0,184000000000.0,5.32495594024658
135,Colombia,2006,42647731.0,43200901.0,71.4,71.5,145619000000.0,161619000000.0,3414.465158,3741.092837,2193592255.0,2255596791.0,6.13841152191162
136,Colombia,2007,43200901.0,43737512.0,71.5,71.8,161619000000.0,206182000000.0,3741.092837,4714.073055,2255596791.0,2315775631.0,6.16839504241943
137,Colombia,2008,43737512.0,44254972.0,71.8,72.4,206182000000.0,242187000000.0,4714.073055,5472.53653,2315775631.0,2382425687.0,6.27160453796387
138,Colombia,2009,44254972.0,44750054.0,72.4,72.8,242187000000.0,232398000000.0,5472.53653,5193.241458,2382425687.0,2454982407.0,6.40811347961426
139,Colombia,2010,44750054.0,45222699.0,72.8,73.1,232398000000.0,286563000000.0,5193.241458,6336.709474,2454982407.0,2531260831.0,6.46395254135132
140,Colombia,2011,45222699.0,45662747.0,73.1,73.1,286563000000.0,334944000000.0,6336.709474,7335.166934,2531260831.0,2607340606.0,6.37487983703613
141,Colombia,2012,45662747.0,46075721.0,73.1,73.5,334944000000.0,370921000000.0,7335.166934,8050.255372,2607340606.0,2687067778.0,6.60655069351196
142,Colombia,2013,46075721.0,46495492.0,73.5,73.5,370921000000.0,382116000000.0,8050.255372,8218.347844,2687067778.0,2774495634.0,6.44878911972046
143,Colombia,2014,46495492.0,46967706.0,73.5,73.6,382116000000.0,381112000000.0,8218.347844,8114.343921,2774495634.0,2863194777.0,6.38757181167603
144,Colombia,2015,46967706.0,47520667.0,73.6,73.6,381112000000.0,293482000000.0,8114.343921,6175.87603,2863194777.0,2955160135.0,6.23371505737305
150,Denmark,2006,5421701.0,5444293.0,76.9,77.0,264467000000.0,282885000000.0,48799.8256,52026.99951,3457274966.0,3516703727.0,7.83423328399658
151,Denmark,2007,5444293.0,5469920.0,77.0,77.0,282885000000.0,319423000000.0,52026.99951,58487.05497,3516703727.0,3571359728.0,7.97089195251465
152,Denmark,2008,5469920.0,5497731.0,77.0,77.3,319423000000.0,353361000000.0,58487.05497,64322.0635,3571359728.0,3622579558.0,7.68335866928101
153,Denmark,2009,5497731.0,5526389.0,77.3,77.7,353361000000.0,321241000000.0,64322.0635,58163.27688,3622579558.0,3671395565.0,7.77051544189453
154,Denmark,2010,5526389.0,5554849.0,77.7,78.1,321241000000.0,321995000000.0,58163.27688,58041.39844,3671395565.0,3720566069.0,7.78823184967041
155,Denmark,2011,5554849.0,5582980.0,78.1,78.1,321995000000.0,344003000000.0,58041.39844,61753.64713,3720566069.0,3764781246.0,7.51990938186646
156,Denmark,2012,5582980.0,5610909.0,78.1,78.4,344003000000.0,327149000000.0,61753.64713,58507.50805,3764781246.0,3804621405.0,7.58860683441162
157,Denmark,2013,5610909.0,5638152.0,78.4,78.8,327149000000.0,343584000000.0,58507.50805,61191.1937,3804621405.0,3846367301.0,7.50755929946899
158,Denmark,2014,5638152.0,5664199.0,78.8,78.9,343584000000.0,352994000000.0,61191.1937,62548.98473,3846367301.0,3883910718.0,7.5144248008728
159,Denmark,2015,5664199.0,5688695.0,78.9,79.2,352994000000.0,302673000000.0,62548.98473,53254.85637,3883910718.0,3919114412.0,7.5577826499939
165,Dominican Republic,2006,9097262.0,9218681.0,72.0,71.2,35777570136.0,37879869898.0,3932.784407,4109.033591,409162209.0,428274141.0,5.08130598068237
166,Dominican Republic,2007,9218681.0,9338856.0,71.2,71.4,37879869898.0,43965420072.0,4109.033591,4707.795052,428274141.0,448267071.0,4.8423056602478
167,Dominican Republic,2008,9338856.0,9458079.0,71.4,73.0,43965420072.0,48122547177.0,4707.795052,5087.983213,448267071.0,468598907.0,5.43161392211914
168,Dominican Republic,2009,9458079.0,9576736.0,73.0,69.3,48122547177.0,48261033298.0,5087.983213,5039.403122,468598907.0,488379573.0,4.73502111434937
169,Dominican Republic,2010,9576736.0,9695117.0,69.3,69.7,48261033298.0,53860175556.0,5039.403122,5555.392014,488379573.0,508933026.0,5.39653539657593
170,Dominican Republic,2011,9695117.0,9813219.0,69.7,72.3,53860175556.0,58029750746.0,5555.392014,5913.426649,508933026.0,530250940.0,4.75331115722656
171,Dominican Republic,2012,9813219.0,9930916.0,72.3,72.9,58029750746.0,60681537196.0,5913.426649,6110.366576,530250940.0,551505694.0,5.01551532745361
172,Dominican Republic,2013,9930916.0,10048226.0,72.9,73.3,60681537196.0,62682163837.0,6110.366576,6238.132367,551505694.0,572772654.0,5.38733196258545
173,Dominican Republic,2014,10048226.0,10165182.0,73.3,73.6,62682163837.0,67179914027.0,6238.132367,6608.825501,572772654.0,594573265.0,5.06186246871948
174,Dominican Republic,2015,10165182.0,10281675.0,73.6,72.7,67179914027.0,71164825257.0,6608.825501,6921.520594,594573265.0,618067854.0,5.23869848251343
180,Ecuador,2006,13825839.0,14059379.0,72.8,73.4,41507085000.0,46802044000.0,3002.138604,3328.884156,655957316.0,684851947.0,4.99587535858154
181,Ecuador,2007,14059379.0,14296554.0,73.4,73.6,46802044000.0,51007777000.0,3328.884156,3567.837186,684851947.0,718537463.0,5.29651308059692
182,Ecuador,2008,14296554.0,14535740.0,73.6,74.4,51007777000.0,61762635000.0,3567.837186,4249.01897,718537463.0,748110525.0,6.02180337905884
183,Ecuador,2009,14535740.0,14774412.0,74.4,74.4,61762635000.0,62519686000.0,4249.01897,4231.619235,748110525.0,780613726.0,5.83805131912231
184,Ecuador,2010,14774412.0,15011114.0,74.4,74.2,62519686000.0,69555367000.0,4231.619235,4633.591284,780613726.0,815439334.0,5.79508829116821
185,Ecuador,2011,15011114.0,15243885.0,74.2,74.4,69555367000.0,79276664000.0,4633.591284,5200.555108,815439334.0,852837710.0,5.96071624755859
186,Ecuador,2012,15243885.0,15474099.0,74.4,74.7,79276664000.0,87924544000.0,5200.555108,5682.046108,852837710.0,889991732.0,6.01920604705811
187,Ecuador,2013,15474099.0,15707473.0,74.7,74.6,87924544000.0,95129659000.0,5682.046108,6056.331213,889991732.0,929354073.0,5.94585180282593
188,Ecuador,2014,15707473.0,15951832.0,74.6,75.1,95129659000.0,101726000000.0,6056.331213,6377.093929,929354073.0,972561015.0,5.96407508850098
189,Ecuador,2015,15951832.0,16212022.0,75.1,75.0,101726000000.0,99290381000.0,6377.093929,6124.490887,972561015.0,1013320438.0,6.11543750762939
195,Egypt,2006,75523576.0,76873670.0,68.8,68.6,89600665557.0,107426086957.0,1186.393313,1397.43669,3132480025.0,3308499089.0,5.54051065444946
196,Egypt,2007,76873670.0,78232124.0,68.6,68.7,107426086957.0,130437828371.0,1397.43669,1667.317998,3308499089.0,3494406417.0,4.63174104690552
197,Egypt,2008,78232124.0,79636081.0,68.7,68.6,130437828371.0,162818181818.0,1667.317998,2044.527804,3494406417.0,3689170414.0,5.06616449356079
198,Egypt,2009,79636081.0,81134789.0,68.6,69.0,162818181818.0,189147005445.0,2044.527804,2331.26884,3689170414.0,3892340086.0,4.66891622543335
199,Egypt,2010,81134789.0,82761244.0,69.0,69.4,189147005445.0,218983666062.0,2331.26884,2645.968759,3892340086.0,4093181569.0,4.17415857315063
200,Egypt,2011,82761244.0,84529251.0,69.4,69.5,218983666062.0,235989672978.0,2645.968759,2791.810766,4093181569.0,4306208216.0,4.20415687561035
201,Egypt,2012,84529251.0,86422240.0,69.5,69.7,235989672978.0,279116666667.0,2791.810766,3229.68563,4306208216.0,4514926545.0,3.55852031707764
202,Egypt,2013,86422240.0,88404652.0,69.7,69.8,279116666667.0,288434108527.0,3229.68563,3262.657586,4514926545.0,4721875713.0,4.88507270812988
203,Egypt,2014,88404652.0,90424668.0,69.8,69.9,288434108527.0,305595408895.0,3262.657586,3379.557986,4721875713.0,4943543743.0,4.76253843307495
204,Egypt,2015,90424668.0,92442549.0,69.9,70.0,305595408895.0,329366576819.0,3379.557986,3562.932658,4943543743.0,5162711129.0,4.55674076080322
210,El Salvador,2006,6052124.0,6079395.0,69.0,68.9,14698000000.0,15999890000.0,2428.568879,2631.822739,135369005.0,142086817.0,5.29553508758545
211,El Salvador,2007,6079395.0,6105810.0,68.9,73.0,15999890000.0,17011750000.0,2631.822739,2786.157774,142086817.0,148932397.0,5.19149398803711
212,El Salvador,2008,6105810.0,6131767.0,73.0,69.9,17011750000.0,17986890000.0,2786.157774,2933.39424,148932397.0,155337114.0,6.83908700942993
213,El Salvador,2009,6131767.0,6157678.0,69.9,70.0,17986890000.0,17601620000.0,2933.39424,2858.483344,155337114.0,161649573.0,6.73991107940674
214,El Salvador,2010,6157678.0,6183877.0,70.0,71.0,17601620000.0,18447920000.0,2858.483344,2983.228806,161649573.0,167968202.0,4.74129486083984
215,El Salvador,2011,6183877.0,6210567.0,71.0,75.0,18447920000.0,20283780000.0,2983.228806,3266.010978,167968202.0,174467607.0,5.93437147140503
216,El Salvador,2012,6210567.0,6237922.0,75.0,71.2,20283780000.0,21386150000.0,3266.010978,3428.409332,174467607.0,180939489.0,6.32506322860718
217,El Salvador,2013,6237922.0,6266076.0,71.2,71.7,21386150000.0,21990960000.0,3428.409332,3509.526536,180939489.0,187033961.0,5.85652351379395
218,El Salvador,2014,6266076.0,6295124.0,71.7,71.4,21990960000.0,22593470000.0,3509.526536,3589.042885,187033961.0,193185116.0,6.01849603652954
219,El Salvador,2015,6295124.0,6325121.0,71.4,72.0,22593470000.0,23438240000.0,3589.042885,3705.579704,193185116.0,199860431.0,6.13982486724854
225,Georgia,2006,4210158.0,4189721.0,71.8,73.0,6410823633.0,7745394293.0,1642.760938,1996.057129,535721189.0,541817901.0,3.70719456672668
226,Georgia,2007,4189721.0,4166859.0,73.0,71.7,7745394293.0,10172882371.0,1996.057129,2635.353882,541817901.0,548183252.0,4.156090259552
227,Georgia,2008,4166859.0,4142648.0,71.7,72.7,10172882371.0,12795076469.0,2635.353882,3324.735879,548183252.0,553492059.0,3.80063915252686
228,Georgia,2009,4142648.0,4119490.0,72.7,72.3,12795076469.0,10766836277.0,3324.735879,2822.66743,553492059.0,559627685.0,4.10183715820312
229,Georgia,2010,4119490.0,4099095.0,72.3,73.9,10766836277.0,12243505583.0,2822.66743,3233.295943,559627685.0,565835728.0,4.20303058624268
230,Georgia,2011,4099095.0,4081012.0,73.9,73.9,12243505583.0,15107441447.0,3233.295943,4021.743306,565835728.0,573640254.0,4.25444555282593
231,Georgia,2012,4081012.0,4064097.0,73.9,74.4,15107441447.0,16488403076.0,4021.743306,4421.818242,573640254.0,581892065.0,4.34892082214355
232,Georgia,2013,4064097.0,4048701.0,74.4,73.9,16488403076.0,17189551521.0,4421.818242,4623.745725,581892065.0,589901363.0,4.28750801086426
233,Georgia,2014,4048701.0,4035310.0,73.9,73.2,17189551521.0,17627003455.0,4623.745725,4739.188338,589901363.0,598835761.0,4.12194061279297
234,Georgia,2015,4035310.0,4024180.0,73.2,73.8,17627003455.0,14953950557.0,4739.188338,4014.185944,598835761.0,608582745.0,4.44838619232178
240,Germany,2006,81602739.0,81472235.0,78.0,78.3,2846860000000.0,2994700000000.0,34520.23965,36353.88033,80688226652.0,81566547082.0,6.41681957244873
241,Germany,2007,81472235.0,81277836.0,78.3,78.4,2994700000000.0,3425580000000.0,36353.88033,41640.08087,81566547082.0,82418171411.0,6.52179002761841
242,Germany,2008,81277836.0,81065751.0,78.4,78.5,3425580000000.0,3745260000000.0,41640.08087,45612.71062,82418171411.0,83273098556.0,6.64149332046509
243,Germany,2009,81065751.0,80899961.0,78.5,79.1,3745260000000.0,3411260000000.0,45612.71062,41650.36783,83273098556.0,84063393275.0,6.72453117370605
244,Germany,2010,80899961.0,80827001.0,79.1,79.2,3411260000000.0,3399670000000.0,41650.36783,41572.45595,84063393275.0,84896342383.0,6.62131214141846
245,Germany,2011,80827001.0,80855629.0,79.2,79.6,3399670000000.0,3749310000000.0,41572.45595,46705.8958,84896342383.0,85705559302.0,6.70236206054688
246,Germany,2012,80855629.0,80972629.0,79.6,79.8,3749310000000.0,3527140000000.0,46705.8958,43855.85447,85705559302.0,86519543956.0,6.96512508392334
247,Germany,2013,80972629.0,81174373.0,79.8,79.9,3527140000000.0,3733800000000.0,43855.85447,46298.92292,86519543956.0,87350997794.0,6.98421430587769
248,Germany,2014,81174373.0,81450370.0,79.9,80.0,3733800000000.0,3889090000000.0,46298.92292,48023.86998,87350997794.0,88143585564.0,7.03713750839233
249,Germany,2015,81450370.0,81787411.0,80.0,81.0,3889090000000.0,3357590000000.0,48023.86998,41103.25644,88143585564.0,88939195779.0,6.87376308441162
255,Ghana,2006,21814648.0,22379057.0,57.2,57.4,10744675210.0,20440893017.0,492.5440562,913.3938493,175928748.0,185088237.0,5.22014808654785
256,Ghana,2007,22379057.0,22963946.0,57.4,57.6,20440893017.0,24827844950.0,913.3938493,1081.166318,185088237.0,194707005.0,4.9651346206665
257,Ghana,2008,22963946.0,23563832.0,57.6,57.9,24827844950.0,28678701891.0,1081.166318,1217.064435,194707005.0,203632356.0,4.1976957321167
258,Ghana,2009,23563832.0,24170943.0,57.9,58.3,28678701891.0,26048108185.0,1217.064435,1077.662058,203632356.0,211129964.0,4.60625171661377
259,Ghana,2010,24170943.0,24779614.0,58.3,58.9,26048108185.0,32197272797.0,1077.662058,1299.345212,211129964.0,220839612.0,5.60819959640503
260,Ghana,2011,24779614.0,25387713.0,58.9,59.4,32197272797.0,39337314810.0,1299.345212,1549.462719,220839612.0,232065629.0,5.05726194381714
261,Ghana,2012,25387713.0,25996454.0,59.4,59.9,39337314810.0,41270954737.0,1549.462719,1587.560932,232065629.0,246380976.0,4.96505308151245
262,Ghana,2013,25996454.0,26607641.0,59.9,63.0,41270954737.0,62823043706.0,1587.560932,2361.090324,246380976.0,260560852.0,3.86035108566284
263,Ghana,2014,26607641.0,27224480.0,63.0,66.0,62823043706.0,54782847753.0,2361.090324,2012.264247,260560852.0,275315435.0,3.98591613769531
264,Ghana,2015,27224480.0,27849203.0,66.0,69.0,54782847753.0,49406568433.0,2012.264247,1774.074771,275315435.0,291429885.0,4.51441144943237
270,India,2006,1147609924.0,1165486291.0,62.5,62.9,820382000000.0,940260000000.0,714.8610154,806.7532806,24326352051.0,25586096327.0,5.02679347991943
271,India,2007,1165486291.0,1183209471.0,62.9,63.3,940260000000.0,1216740000000.0,806.7532806,1028.334772,25586096327.0,26944248545.0,5.14583301544189
272,India,2008,1183209471.0,1200669762.0,63.3,63.7,1216740000000.0,1198900000000.0,1028.334772,998.5223415,26944248545.0,28407063143.0,4.52151775360107
273,India,2009,1200669762.0,1217726217.0,63.7,64.0,1198900000000.0,1341890000000.0,998.5223415,1101.960838,28407063143.0,30019879742.0,4.98927736282349
274,India,2010,1217726217.0,1234281163.0,64.0,64.4,1341890000000.0,1675620000000.0,1101.960838,1357.563727,30019879742.0,31697767327.0,4.63487148284912
275,India,2011,1234281163.0,1250287939.0,64.4,64.8,1675620000000.0,1823050000000.0,1357.563727,1458.104066,31697767327.0,33477897323.0,4.72014665603638
276,India,2012,1250287939.0,1265780243.0,64.8,65.2,1823050000000.0,1827640000000.0,1458.104066,1443.882435,33477897323.0,35441483368.0,4.42778873443604
277,India,2013,1265780243.0,1280842119.0,65.2,65.5,1827640000000.0,1856720000000.0,1443.882435,1449.610451,35441483368.0,37478420449.0,4.42437934875488
278,India,2014,1280842119.0,1295600768.0,65.5,66.0,1856720000000.0,2039130000000.0,1449.610451,1573.885642,37478420449.0,39664276367.0,4.34207916259766
279,India,2015,1295600768.0,1310152392.0,66.0,66.4,2039130000000.0,2103590000000.0,1573.885642,1605.605445,39664276367.0,41932843845.0,4.17917728424072
285,Israel,2006,6529470.0,6680641.0,78.9,79.3,142657000000.0,154145000000.0,20585.13861,21853.14024,1425395052.0,1487544015.0,6.84111499786377
286,Israel,2007,6680641.0,6847148.0,79.3,79.3,154145000000.0,179162000000.0,21853.14024,24952.54759,1487544015.0,1550343921.0,7.26126146316528
287,Israel,2008,6847148.0,7020832.0,79.3,79.7,179162000000.0,216712000000.0,24952.54759,29650.77025,1550343921.0,1618324097.0,7.35297918319702
288,Israel,2009,7020832.0,7190037.0,79.7,81.0,216712000000.0,207953000000.0,29650.77025,27780.46372,1618324097.0,1682185043.0,7.35891628265381
289,Israel,2010,7190037.0,7346446.0,81.0,80.0,207953000000.0,234655000000.0,27780.46372,30780.02382,1682185043.0,1750471944.0,7.43314790725708
290,Israel,2011,7346446.0,7487095.0,80.0,84.0,234655000000.0,262294000000.0,30780.02382,33775.512,1750471944.0,1819066681.0,7.1108546257019
291,Israel,2012,7487095.0,7614946.0,84.0,84.0,262294000000.0,258417000000.0,33775.512,32667.60687,1819066681.0,1893851260.0,7.32056331634521
292,Israel,2013,7614946.0,7734834.0,84.0,81.0,258417000000.0,294167000000.0,32667.60687,36499.45611,1893851260.0,1956982946.0,7.40057039260864
293,Israel,2014,7734834.0,7854216.0,81.0,81.5,294167000000.0,310945000000.0,36499.45611,37847.64994,1956982946.0,2017334780.0,7.07941102981567
294,Israel,2015,7854216.0,7978496.0,81.5,81.7,310945000000.0,300078000000.0,37847.64994,35808.43643,2017334780.0,2080309704.0,7.159010887146
300,Italy,2006,58281209.0,58542619.0,79.4,79.8,1858220000000.0,1949550000000.0,32055.09208,33529.7266,18799805034.0,19296696911.0,6.57441234588623
301,Italy,2007,58542619.0,58747862.0,79.8,80.0,1949550000000.0,2213100000000.0,33529.7266,37870.74751,19296696911.0,19787299468.0,6.77977418899536
302,Italy,2008,58747862.0,58922116.0,80.0,79.9,2213100000000.0,2408660000000.0,37870.74751,40944.91242,19787299468.0,20266202270.0,6.33380031585693
303,Italy,2009,58922116.0,59105622.0,79.9,89.0,2408660000000.0,2199930000000.0,40944.91242,37226.75719,20266202270.0,20690941204.0,6.35423803329468
304,Italy,2010,59105622.0,59325232.0,89.0,88.0,2199930000000.0,2136100000000.0,37226.75719,36035.645,20690941204.0,21127094887.0,6.05708646774292
305,Italy,2011,59325232.0,59589070.0,88.0,81.2,2136100000000.0,2294990000000.0,36035.645,38649.63948,21127094887.0,21551372414.0,5.83931398391724
306,Italy,2012,59589070.0,59879469.0,81.2,81.3,2294990000000.0,2086960000000.0,38649.63948,35051.52127,21551372414.0,21954819628.0,6.00937366485596
307,Italy,2013,59879469.0,60166828.0,81.3,81.5,2086960000000.0,2141920000000.0,35051.52127,35560.08141,21954819628.0,22324653965.0,6.0265851020813
308,Italy,2014,60166828.0,60409622.0,81.5,81.6,2141920000000.0,2162010000000.0,35560.08141,35565.72138,22324653965.0,22674235720.0,5.84768390655518
309,Italy,2015,60409622.0,60578489.0,81.6,81.8,2162010000000.0,1836640000000.0,35565.72138,30242.38614,22674235720.0,23035538202.0,5.95452404022217
315,Japan,2006,128326115.0,128422740.0,81.1,81.5,4831470000000.0,4601660000000.0,37812.89502,35991.546,47398980851.0,48666342725.0,6.23819780349731
316,Japan,2007,128422740.0,128494050.0,81.5,81.8,4601660000000.0,4579750000000.0,35991.546,35779.02454,48666342725.0,49969476902.0,5.91067934036255
317,Japan,2008,128494050.0,128538644.0,81.8,81.9,4579750000000.0,5106680000000.0,35779.02454,39876.30397,49969476902.0,51201790632.0,5.84499931335449
318,Japan,2009,128538644.0,128555196.0,81.9,82.1,5106680000000.0,5289490000000.0,39876.30397,41308.99684,51201790632.0,52365003563.0,6.05675268173218
319,Japan,2010,128555196.0,128542349.0,82.1,82.0,5289490000000.0,5759070000000.0,41308.99684,44968.15623,52365003563.0,53579819796.0,6.26279354095459
320,Japan,2011,128542349.0,128498966.0,82.0,82.4,5759070000000.0,6233150000000.0,44968.15623,48760.07895,53579819796.0,54844685895.0,5.96821641921997
321,Japan,2012,128498966.0,128423571.0,82.4,82.6,6233150000000.0,6272360000000.0,48760.07895,49145.28043,54844685895.0,56150695737.0,5.95936155319214
322,Japan,2013,128423571.0,128314189.0,82.6,82.7,6272360000000.0,5212330000000.0,49145.28043,40898.6479,56150695737.0,57466038395.0,5.92262077331543
323,Japan,2014,128314189.0,128168630.0,82.7,83.0,5212330000000.0,4896990000000.0,40898.6479,38475.39525,57466038395.0,58729767154.0,5.87968444824219
324,Japan,2015,128168630.0,127985139.0,83.0,83.0,4896990000000.0,4444930000000.0,38475.39525,34960.63938,58729767154.0,59953163599.0,5.95465087890625
330,Jordan,2006,5765639.0,5991547.0,71.7,71.9,12588665303.0,15056929760.0,2183.394643,2513.028732,349948505.0,370474895.0,5.59805727005005
331,Jordan,2007,5991547.0,6255290.0,71.9,72.1,15056929760.0,17110587447.0,2513.028732,2735.378767,370474895.0,391911393.0,4.93005800247192
332,Jordan,2008,6255290.0,6556473.0,72.1,72.3,17110587447.0,22657662393.0,2735.378767,3455.769953,391911393.0,412629390.0,5.99985933303833
333,Jordan,2009,6556473.0,6893258.0,72.3,72.5,22657662393.0,24537876056.0,3455.769953,3559.692102,412629390.0,433966082.0,5.56994247436523
334,Jordan,2010,6893258.0,7261541.0,72.5,72.4,24537876056.0,27133804225.0,3559.692102,3736.645462,433966082.0,454581407.0,5.53932762145996
335,Jordan,2011,7261541.0,7662858.0,72.4,72.8,27133804225.0,29524149155.0,3736.645462,3852.890025,454581407.0,475825167.0,5.13199615478516
336,Jordan,2012,7662858.0,8089963.0,72.8,73.0,29524149155.0,31634561690.0,3852.890025,3910.346894,475825167.0,499638968.0,5.17195272445679
337,Jordan,2013,8089963.0,8518992.0,73.0,73.1,31634561690.0,34454440141.0,3910.346894,4044.426869,499638968.0,523452120.0,5.33302164077759
338,Jordan,2014,8518992.0,8918822.0,73.1,73.3,34454440141.0,36847643521.0,4044.426869,4131.44735,523452120.0,549347142.0,5.4045934677124
339,Jordan,2015,8918822.0,9266573.0,73.3,73.4,36847643521.0,38587017887.0,4131.44735,4164.108769,549347142.0,574903362.0,5.27128458023071
345,Kazakhstan,2006,15402803.0,15551263.0,63.9,64.4,57123671734.0,81003884545.0,3771.278957,5291.575305,9950794985.0,10171925065.0,5.71855354309082
346,Kazakhstan,2007,15551263.0,15702112.0,64.4,64.7,81003884545.0,104850000000.0,5291.575305,6771.414797,10171925065.0,10399474649.0,5.88641977310181
347,Kazakhstan,2008,15702112.0,15862126.0,64.7,64.4,104850000000.0,133442000000.0,6771.414797,8458.017154,10399474649.0,10628144743.0,5.38256311416626
348,Kazakhstan,2009,15862126.0,16043015.0,64.4,64.7,133442000000.0,115309000000.0,8458.017154,7165.223175,10628144743.0,10851254805.0,5.51428651809692
349,Kazakhstan,2010,16043015.0,16252273.0,64.7,64.6,115309000000.0,148047000000.0,7165.223175,9070.488253,10851254805.0,11100321718.0,5.73566293716431
350,Kazakhstan,2011,16252273.0,16490669.0,64.6,65.0,148047000000.0,192627000000.0,9070.488253,11634.0012,11100321718.0,11339981809.0,5.75946950912476
351,Kazakhstan,2012,16490669.0,16751523.0,65.0,65.3,192627000000.0,207999000000.0,11634.0012,12386.69927,11339981809.0,11585818298.0,5.83548307418823
352,Kazakhstan,2013,16751523.0,17026118.0,65.3,66.6,207999000000.0,236635000000.0,12386.69927,13890.63096,11585818298.0,11839547143.0,5.97009754180908
353,Kazakhstan,2014,17026118.0,17302619.0,66.6,67.8,236635000000.0,221416000000.0,13890.63096,12807.26069,11839547143.0,12118579241.0,5.94999504089355
354,Kazakhstan,2015,17302619.0,17572010.0,67.8,67.8,221416000000.0,184388000000.0,12807.26069,10510.77189,12118579241.0,12407161642.0,5.53355169296265
360,Kenya,2006,36624897.0,37649039.0,51.9,51.9,18737897745.0,25825524821.0,511.6163943,685.9544229,260780526.0,270116187.0,4.57565784454346
361,Kenya,2007,37649039.0,38705934.0,51.9,52.1,25825524821.0,31958195182.0,685.9544229,825.666555,270116187.0,279656854.0,4.01527452468872
362,Kenya,2008,38705934.0,39791984.0,52.1,52.4,31958195182.0,35895153328.0,825.666555,902.0699578,279656854.0,289567899.0,4.27043485641479
363,Kenya,2009,39791984.0,40901798.0,52.4,53.0,35895153328.0,42347217913.0,902.0699578,1035.338787,289567899.0,301534351.0,4.255859375
364,Kenya,2010,40901798.0,42030684.0,53.0,54.1,42347217913.0,45405587557.0,1035.338787,1080.296184,301534351.0,313279143.0,4.40531015396118
365,Kenya,2011,42030684.0,43178270.0,54.1,55.3,45405587557.0,46869457318.0,1080.296184,1085.487152,313279143.0,326207316.0,4.54733514785767
366,Kenya,2012,43178270.0,44343469.0,55.3,56.8,46869457318.0,56396706006.0,1085.487152,1271.815383,326207316.0,338195324.0,3.79538321495056
367,Kenya,2013,44343469.0,45519986.0,56.8,57.9,56396706006.0,61671425370.0,1271.815383,1354.820833,338195324.0,350965385.0,4.90457963943481
368,Kenya,2014,45519986.0,46700063.0,57.9,59.1,61671425370.0,68285768554.0,1354.820833,1462.220052,350965385.0,364738351.0,4.35761785507202
369,Kenya,2015,46700063.0,47878339.0,59.1,63.0,68285768554.0,70120413329.0,1462.220052,1464.554009,364738351.0,381039585.0,4.39612770080566
375,Kosovo,2006,1705780.0,1719536.0,68.4,68.7,5001776769.0,5125894693.0,2545.449915,2747.555339,5925.164,62655.51,5.10390615463257
376,Kosovo,2007,1719536.0,1733404.0,68.7,69.2,5125894693.0,5154014318.0,2747.555339,2939.559334,62655.51,82723.37,5.52165985107422
377,Kosovo,2008,1733404.0,1747383.0,69.2,70.1,5154014318.0,5181776769.0,2939.559334,2965.449915,82723.37,93011.34,5.891432762146
378,Kosovo,2009,1747383.0,1761474.0,70.1,70.8,5181776769.0,5015894693.0,2965.449915,2847.555339,93011.34,79751.05,5.17660140991211
379,Kosovo,2010,1761474.0,1775680.0,70.8,72.0,5015894693.0,5344014318.0,2847.555339,3009.559334,79751.05,81228.35,4.85950183868408
380,Kosovo,2011,1775680.0,1790957.0,72.0,72.3,5344014318.0,6341737194.0,3009.559334,3540.891789,81228.35,67466.42,5.63958835601807
381,Kosovo,2012,1790957.0,1807106.0,72.3,72.7,6341737194.0,6163785173.0,3540.891789,3410.85978,67466.42,100869.5,6.12575817108154
382,Kosovo,2013,1807106.0,1815606.0,72.7,73.0,6163785173.0,6735731173.0,3410.85978,3704.784221,100869.5,142814.3,5.00037527084351
383,Kosovo,2014,1815606.0,1820631.0,73.0,73.3,6735731173.0,7074657898.0,3704.784221,3902.676013,142814.3,199838.5,5.07746076583862
384,Kosovo,2015,1820631.0,1804944.0,73.3,73.6,7074657898.0,6295820482.0,3902.676013,3520.766449,199838.5,221943.4,5.75941228866577
390,Kyrgyzstan,2006,5075340.0,5124379.0,66.6,67.2,2460248026.0,2834168889.0,484.7454606,553.0755804,728431710.0,733850851.0,4.69776153564453
391,Kyrgyzstan,2007,5124379.0,5184384.0,67.2,66.7,2834168889.0,3802566171.0,553.0755804,733.4653781,733850851.0,740369794.0,4.73658800125122
392,Kyrgyzstan,2008,5184384.0,5254969.0,66.7,66.6,3802566171.0,5139957785.0,733.4653781,978.1138166,740369794.0,747916777.0,5.06905364990234
393,Kyrgyzstan,2009,5254969.0,5334708.0,66.6,67.1,5139957785.0,4690062255.0,978.1138166,879.1600693,747916777.0,754653386.0,4.99641084671021
394,Kyrgyzstan,2010,5334708.0,5422298.0,67.1,66.9,4690062255.0,4794357795.0,879.1600693,884.1929741,754653386.0,760967348.0,4.92104911804199
395,Kyrgyzstan,2011,5422298.0,5517927.0,66.9,66.7,4794357795.0,6197766119.0,884.1929741,1123.20553,760967348.0,768520852.0,5.20778560638428
396,Kyrgyzstan,2012,5517927.0,5621583.0,66.7,67.2,6197766119.0,6605139933.0,1123.20553,1174.960849,768520852.0,778519250.0,5.40242671966553
397,Kyrgyzstan,2013,5621583.0,5731312.0,67.2,67.6,6605139933.0,7335027592.0,1174.960849,1279.816487,778519250.0,788177555.0,5.25219297409058
398,Kyrgyzstan,2014,5731312.0,5844521.0,67.6,68.5,7335027592.0,7468096567.0,1279.816487,1277.794462,788177555.0,798272973.0,4.90537595748901
399,Kyrgyzstan,2015,5844521.0,5959126.0,68.5,68.8,7468096567.0,6678178340.0,1277.794462,1120.664061,798272973.0,808551854.0,4.85653400421143
405,Lithuania,2006,3344259.0,3303329.0,71.6,71.2,26097677572.0,30183575104.0,7854.765279,9230.707981,1348638373.0,1363072452.0,5.80828475952148
406,Lithuania,2007,3303329.0,3258984.0,71.2,71.4,30183575104.0,39697891352.0,9230.707981,12285.44705,1363072452.0,1378896505.0,5.55392599105835
407,Lithuania,2008,3258984.0,3212867.0,71.4,71.6,39697891352.0,47797551588.0,12285.44705,14944.99665,1378896505.0,1394099006.0,5.46692085266113
408,Lithuania,2009,3212867.0,3167270.0,71.6,71.6,47797551588.0,37388122046.0,14944.99665,11820.77616,1394099006.0,1407141304.0,5.06582498550415
409,Lithuania,2010,3167270.0,3123825.0,71.6,78.0,37388122046.0,37128694028.0,11820.77616,11987.50841,1407141304.0,1421086393.0,5.43243741989136
410,Lithuania,2011,3123825.0,3083402.0,78.0,76.0,37128694028.0,43535051482.0,11987.50841,14376.94786,1421086393.0,1435379198.0,5.77103710174561
411,Lithuania,2012,3083402.0,3045561.0,76.0,72.0,43535051482.0,42927454291.0,14376.94786,14367.70942,1435379198.0,1449724496.0,5.59568929672241
412,Lithuania,2013,3045561.0,3008938.0,72.0,71.1,42927454291.0,46523420074.0,14367.70942,15729.65247,1449724496.0,1463079340.0,6.12572383880615
413,Lithuania,2014,3008938.0,2971498.0,71.1,72.2,46523420074.0,48533659592.0,15729.65247,16551.0182,1463079340.0,1476186031.0,5.71137809753418
414,Lithuania,2015,2971498.0,2931872.0,72.2,72.4,48533659592.0,41435533340.0,16551.0182,14263.96458,1476186031.0,1489505521.0,5.86555242538452
420,Mexico,2006,106005199.0,107560155.0,74.8,75.0,877476000000.0,975387000000.0,8277.671564,9068.294218,13061855319.0,13538420535.0,6.52537822723389
421,Mexico,2007,107560155.0,109170503.0,75.0,75.0,975387000000.0,1052700000000.0,9068.294218,9642.680517,13538420535.0,14018207347.0,6.82903623580933
422,Mexico,2008,109170503.0,110815272.0,75.0,75.0,1052700000000.0,1109990000000.0,9642.680517,10016.57121,14018207347.0,14511187017.0,6.96281909942627
423,Mexico,2009,110815272.0,112463886.0,75.0,75.4,1109990000000.0,900045000000.0,10016.57121,8002.972178,14511187017.0,14987090071.0,6.8023886680603
424,Mexico,2010,112463886.0,114092961.0,75.4,75.3,900045000000.0,1057800000000.0,8002.972178,9271.398396,14987090071.0,15450872585.0,6.90951538085938
425,Mexico,2011,114092961.0,115695468.0,75.3,75.8,1057800000000.0,1180490000000.0,9271.398396,10203.4213,15450872585.0,15935037426.0,7.32018518447876
426,Mexico,2012,115695468.0,117274156.0,75.8,76.0,1180490000000.0,1201090000000.0,10203.4213,10241.72783,15935037426.0,16431337006.0,7.44254636764526
427,Mexico,2013,117274156.0,118827158.0,76.0,75.6,1201090000000.0,1274440000000.0,10241.72783,10725.18359,16431337006.0,16921466676.0,6.67983102798462
428,Mexico,2014,118827158.0,120355137.0,75.6,75.7,1274440000000.0,1315350000000.0,10725.18359,10928.91601,16921466676.0,17402595462.0,6.23628711700439
429,Mexico,2015,120355137.0,121858251.0,75.7,75.6,1315350000000.0,1171870000000.0,10928.91601,9616.645558,17402595462.0,17884570053.0,6.82417297363281
435,Moldova,2006,4159296.0,4146264.0,67.82,68.022,2988348836.0,3408244549.0,1034.707058,1183.379211,1304639013.0,1309668760.0,4.77491807937622
436,Moldova,2007,4146264.0,4130129.0,68.022,68.302,3408244549.0,4401189466.0,1183.379211,1531.685476,1309668760.0,1314647314.0,5.50275611877441
437,Moldova,2008,4130129.0,4112886.0,68.302,68.671,4401189466.0,6054849885.0,1531.685476,2111.201495,1314647314.0,1319837694.0,5.55437421798706
438,Moldova,2009,4112886.0,4097515.0,68.671,69.119,6054849885.0,5439422031.0,2111.201495,1899.010117,1319837694.0,1324377206.0,5.5897364616394
439,Moldova,2010,4097515.0,4086090.0,69.119,69.616,5439422031.0,6974982393.0,1899.010117,2437.537683,1324377206.0,1329208111.0,5.7922625541687
440,Moldova,2011,4086090.0,4079167.0,69.616,70.119,6974982393.0,8414351672.0,2437.537683,2942.252807,1329208111.0,1334153085.0,5.9957127571106
441,Moldova,2012,4079167.0,4075804.0,70.119,70.581,8414351672.0,8709138765.0,2942.252807,3045.730612,1334153085.0,1338918767.0,5.75605916976929
442,Moldova,2013,4075804.0,4074585.0,70.581,70.968,8709138765.0,9496717702.0,3045.730612,3322.04998,1338918767.0,1343818125.0,5.91705846786499
443,Moldova,2014,4074585.0,4073407.0,70.968,71.267,9496717702.0,9510198962.0,3322.04998,3328.79433,1343818125.0,1348576941.0,6.01747226715088
444,Moldova,2015,4073407.0,4070705.0,71.267,71.478,9510198962.0,7745241913.0,3328.79433,2732.46073,1348576941.0,1353358701.0,5.57778406143188
450,Philippines,2006,86326251.0,87888675.0,66.8,66.8,107420000000.0,127653000000.0,1244.348741,1452.438089,1854540721.0,1921064345.0,5.07356214523315
451,Philippines,2007,87888675.0,89405482.0,66.8,66.8,127653000000.0,155980000000.0,1452.438089,1744.639979,1921064345.0,1991827319.0,4.58906507492065
452,Philippines,2008,89405482.0,90901967.0,66.8,67.2,155980000000.0,181625000000.0,1744.639979,1998.02692,1991827319.0,2069127838.0,4.87991094589233
453,Philippines,2009,90901967.0,92414161.0,67.2,67.3,181625000000.0,175975000000.0,1998.02692,1904.196388,2069127838.0,2145619669.0,4.94151401519775
454,Philippines,2010,92414161.0,93966784.0,67.3,67.0,175975000000.0,208369000000.0,1904.196388,2217.472153,2145619669.0,2228572356.0,4.99395656585693
455,Philippines,2011,93966784.0,95570049.0,67.0,67.3,208369000000.0,234217000000.0,2217.472153,2450.735694,2228572356.0,2312314868.0,5.00196504592896
456,Philippines,2012,95570049.0,97212639.0,67.3,67.5,234217000000.0,261921000000.0,2450.735694,2694.305109,2312314868.0,2400723081.0,4.97692537307739
457,Philippines,2013,97212639.0,98871558.0,67.5,67.5,261921000000.0,283903000000.0,2694.305109,2871.429701,2400723081.0,2496517164.0,5.31255006790161
458,Philippines,2014,98871558.0,100513137.0,67.5,68.0,283903000000.0,297483000000.0,2871.429701,2959.645435,2496517164.0,2597701089.0,5.54748916625977
459,Philippines,2015,100513137.0,102113206.0,68.0,67.9,297483000000.0,306446000000.0,2959.645435,3001.043182,2597701089.0,2709843495.0,5.430832862854
465,Russia,2006,143672125.0,143403258.0,65.752,66.238,764017107992.0,989930542279.0,5317.782472,6903.12449,1511914000.0,1527049000.0,5.22286748886108
466,Russia,2007,143403258.0,143266207.0,66.238,66.807,989930542279.0,1299705764824.0,6903.12449,9071.96325,1527049000.0,1528156000.0,5.6187539100647
467,Russia,2008,143266207.0,143248764.0,66.807,67.426,1299705764824.0,1660846387625.0,9071.96325,11594.14114,1528156000.0,1592303000.0,5.15822792053223
468,Russia,2009,143248764.0,143326904.0,67.426,68.07,1660846387625.0,1222644282202.0,11594.14114,8530.459028,1592303000.0,1597325000.0,5.38477325439453
469,Russia,2010,143326904.0,143479273.0,68.07,68.715,1222644282202.0,1524917468442.0,8530.459028,10628.13769,1597325000.0,1621468000.0,5.38876628875732
470,Russia,2011,143479273.0,143703027.0,68.715,69.343,1524917468442.0,2045925608274.0,10628.13769,14237.17823,1621468000.0,1504779000.0,5.62073564529419
471,Russia,2012,143703027.0,143993888.0,69.343,69.944,2045925608274.0,2208295773643.0,14237.17823,15336.03825,1504779000.0,1595843000.0,5.53717756271362
472,Russia,2013,143993888.0,144325456.0,69.944,70.508,2208295773643.0,2292473246621.0,15336.03825,15884.05338,1595843000.0,1677642000.0,6.03697681427002
473,Russia,2014,144325456.0,144664837.0,70.508,71.018,2292473246621.0,2059241965491.0,15884.05338,14234.5715,1677642000.0,1683891000.0,5.99553871154785
474,Russia,2015,144664837.0,144985059.0,71.018,71.464,2059241965491.0,1363481063447.0,14234.5715,9404.28671,1683891000.0,1640747000.0,5.85494565963745
480,Saudi Arabia,2006,23816175.0,24498313.0,72.6,72.8,328460000000.0,376900000000.0,13791.45476,15384.73836,7668645874.0,8099937842.0,7.26669406890869
481,Saudi Arabia,2007,24498313.0,25184589.0,72.8,72.9,376900000000.0,415965000000.0,15384.73836,16516.63178,8099937842.0,8486444989.0,6.81137037277222
482,Saudi Arabia,2008,25184589.0,25888535.0,72.9,73.0,415965000000.0,519797000000.0,16516.63178,20078.26007,8486444989.0,8918781399.0,6.14759016036987
483,Saudi Arabia,2009,25888535.0,26630303.0,73.0,73.1,519797000000.0,429098000000.0,20078.26007,16113.14371,8918781399.0,9384625708.0,6.30709838867188
484,Saudi Arabia,2010,26630303.0,27421468.0,73.1,73.1,429098000000.0,528207000000.0,16113.14371,19262.5476,9384625708.0,9902341655.0,6.69978952407837
485,Saudi Arabia,2011,27421468.0,28267591.0,73.1,73.2,528207000000.0,671239000000.0,19262.5476,23745.88058,9902341655.0,10400000665.0,6.39635944366455
486,Saudi Arabia,2012,28267591.0,29154906.0,73.2,73.2,671239000000.0,735975000000.0,23745.88058,25243.602,10400000665.0,10963180158.0,6.49513292312622
487,Saudi Arabia,2013,29154906.0,30052058.0,73.2,73.3,735975000000.0,746647000000.0,25243.602,24845.12466,10963180158.0,11503985390.0,6.27837800979614
488,Saudi Arabia,2014,30052058.0,30916603.0,73.3,73.4,746647000000.0,756350000000.0,24845.12466,24464.21256,11503985390.0,12113191007.0,6.34549188613892
489,Saudi Arabia,2015,30916603.0,31717676.0,73.4,73.7,756350000000.0,654270000000.0,24464.21256,20627.92178,12113191007.0,12788069175.0,6.47392129898071
495,South Africa,2006,47880595.0,48489464.0,57.3,56.0,288868000000.0,303861000000.0,6033.101491,6266.533987,14145850450.0,14592473038.0,5.20445442199707
496,South Africa,2007,48489464.0,49119766.0,56.0,54.9,303861000000.0,333075000000.0,6266.533987,6780.884555,14592473038.0,15057273313.0,5.34630680084229
497,South Africa,2008,49119766.0,49779472.0,54.9,54.0,333075000000.0,316132000000.0,6780.884555,6350.65271,15057273313.0,15551915567.0,5.21843099594116
498,South Africa,2009,49779472.0,50477013.0,54.0,53.7,316132000000.0,329753000000.0,6350.65271,6532.736968,15551915567.0,16054175011.0,4.65242862701416
499,South Africa,2010,50477013.0,51216967.0,53.7,53.8,329753000000.0,417365000000.0,6532.736968,8148.961202,16054175011.0,16521105019.0,4.93051147460938
500,South Africa,2011,51216967.0,52003759.0,53.8,54.0,417365000000.0,458202000000.0,8148.961202,8810.930651,16521105019.0,16995053971.0,5.13388776779175
501,South Africa,2012,52003759.0,52832659.0,54.0,54.5,458202000000.0,434401000000.0,8810.930651,8222.197279,16995053971.0,17456192937.0,3.66072726249695
502,South Africa,2013,52832659.0,53687125.0,54.5,55.3,434401000000.0,400886000000.0,8222.197279,7467.079185,17456192937.0,17912058881.0,4.82845640182495
503,South Africa,2014,53687125.0,54544184.0,55.3,56.5,400886000000.0,381199000000.0,7467.079185,6988.808739,17912058881.0,18392686817.0,4.88732576370239
504,South Africa,2015,54544184.0,55386369.0,56.5,58.0,381199000000.0,346710000000.0,6988.808739,6259.839681,18392686817.0,18843258345.0,4.76973962783813
510,South Korea,2006,48701069.0,48880449.0,78.354,78.806,934901071333.0,1053216909888.0,19196.72587,21546.79287,472455700.0,492946900.0,5.7672758102417
511,South Korea,2007,48880449.0,49034813.0,78.806,79.243,1053216909888.0,1172614086540.0,21546.79287,23913.90962,492946900.0,488551400.0,5.38962459564209
512,South Korea,2008,49034813.0,49182458.0,79.243,79.66,1172614086540.0,1047339010225.0,23913.90962,21294.97087,488551400.0,494420900.0,5.64768981933594
513,South Korea,2009,49182458.0,49347450.0,79.66,80.056,1047339010225.0,943941876219.0,21294.97087,19128.48336,494420900.0,508338100.0,6.11602449417114
514,South Korea,2010,49347450.0,49545638.0,80.056,80.432,943941876219.0,1144066965324.0,19128.48336,23091.17435,508338100.0,518325900.0,6.94659900665283
515,South Korea,2011,49545638.0,49786153.0,80.432,80.79,1144066965324.0,1253223044719.0,23091.17435,25172.12054,518325900.0,530486600.0,6.00328683853149
516,South Korea,2012,49786153.0,50060639.0,80.79,81.137,1253223044719.0,1278427634343.0,25172.12054,25537.58122,530486600.0,580129900.0,5.9588098526001
517,South Korea,2013,50060639.0,50345720.0,81.137,81.472,1278427634343.0,1370795199976.0,25537.58122,27227.6412,580129900.0,602183000.0,5.80132532119751
518,South Korea,2014,50345720.0,50607904.0,81.472,81.795,1370795199976.0,1484318219634.0,27227.6412,29329.77069,602183000.0,603828700.0,5.78021144866943
519,South Korea,2015,50607904.0,50823087.0,81.795,82.1,1484318219634.0,1465773245547.0,29329.77069,28840.69686,603828700.0,602311600.0,5.97056436538696
525,Spain,2006,44019118.0,44728561.0,79.1,79.4,1153720000000.0,1260400000000.0,26429.15094,28389.07858,10597350513.0,10958053115.0,6.99461460113525
526,Spain,2007,44728561.0,45429071.0,79.4,79.5,1260400000000.0,1474000000000.0,28389.07858,32591.35031,10958053115.0,11326599135.0,7.29447269439697
527,Spain,2008,45429071.0,46068811.0,79.5,79.4,1474000000000.0,1631860000000.0,32591.35031,35510.72223,11326599135.0,11663366600.0,6.19860124588013
528,Spain,2009,46068811.0,46583566.0,79.4,81.0,1631860000000.0,1491470000000.0,35510.72223,32169.50285,11663366600.0,11960751675.0,6.18826246261597
529,Spain,2010,46583566.0,46931011.0,81.0,81.0,1491470000000.0,1422110000000.0,32169.50285,30532.48051,11960751675.0,12244624388.0,6.51824903488159
530,Spain,2011,46931011.0,47084242.0,81.0,88.0,1422110000000.0,1480710000000.0,30532.48051,31677.90031,12244624388.0,12529353918.0,6.29069042205811
531,Spain,2012,47084242.0,47063059.0,88.0,89.0,1480710000000.0,1324740000000.0,31677.90031,28322.80925,12529353918.0,12808317845.0,6.15002727508545
532,Spain,2013,47063059.0,46930554.0,89.0,81.3,1324740000000.0,1355140000000.0,28322.80925,29067.80946,12808317845.0,13061043968.0,6.45647764205933
533,Spain,2014,46930554.0,46777927.0,81.3,81.6,1355140000000.0,1371220000000.0,29067.80946,29500.78943,13061043968.0,13316111870.0,6.38066339492798
534,Spain,2015,46777927.0,46671919.0,81.6,81.9,1371220000000.0,1195600000000.0,29500.78943,25742.36883,13316111870.0,13587806073.0,6.31861209869385
540,Sweden,2006,9038627.0,9096170.0,79.6,79.8,392218000000.0,423093000000.0,43437.06312,46593.60216,4294318961.0,4348021600.0,7.24136257171631
541,Sweden,2007,9096170.0,9162941.0,79.8,79.9,423093000000.0,491253000000.0,46593.60216,53700.00534,4348021600.0,4400991791.0,7.51599740982056
542,Sweden,2008,9162941.0,9236433.0,79.9,82.0,491253000000.0,517706000000.0,53700.00534,56152.55234,4400991791.0,4451878630.0,7.26597738265991
543,Sweden,2009,9236433.0,9313085.0,82.0,83.0,517706000000.0,436537000000.0,56152.55234,46946.96027,4451878630.0,4499130831.0,7.49601888656616
544,Sweden,2010,9313085.0,9390157.0,83.0,85.0,436537000000.0,495813000000.0,46946.96027,52869.04429,4499130831.0,4552257184.0,7.38223218917847
545,Sweden,2011,9390157.0,9466705.0,85.0,88.0,495813000000.0,574094000000.0,52869.04429,60755.75955,4552257184.0,4601514453.0,7.56014776229858
546,Sweden,2012,9466705.0,9542817.0,88.0,89.0,574094000000.0,552484000000.0,60755.75955,58037.82132,4601514453.0,4648288304.0,7.43401050567627
547,Sweden,2013,9542817.0,9618016.0,89.0,81.1,552484000000.0,586842000000.0,58037.82132,61126.9432,4648288304.0,4693494300.0,7.23914766311646
548,Sweden,2014,9618016.0,9692137.0,81.1,81.4,586842000000.0,581964000000.0,61126.9432,60020.36046,4693494300.0,4736830244.0,7.28892230987549
549,Sweden,2015,9692137.0,9764949.0,81.4,81.5,581964000000.0,505104000000.0,60020.36046,51545.48361,4736830244.0,4780432845.0,7.36874437332153
555,Tajikistan,2006,6789318.0,6922590.0,63.7,64.0,2312327536.0,2830220713.0,340.5831832,408.8384135,416277061.0,418932229.0,4.4316086769104
556,Tajikistan,2007,6922590.0,7062667.0,64.0,64.3,2830220713.0,3719506173.0,408.8384135,526.6432883,418932229.0,422159325.0,5.06398677825928
557,Tajikistan,2008,7062667.0,7209924.0,64.3,65.2,3719506173.0,5161337336.0,526.6432883,715.8657063,422159325.0,425055345.0,4.5751748085022
558,Tajikistan,2009,7209924.0,7364752.0,65.2,65.9,5161337336.0,4979481980.0,715.8657063,676.1235111,425055345.0,427499319.0,4.38063621520996
559,Tajikistan,2010,7364752.0,7527397.0,65.9,65.5,4979481980.0,5642178580.0,676.1235111,749.5524123,427499319.0,430035734.0,4.26267147064209
560,Tajikistan,2011,7527397.0,7697507.0,65.5,65.9,5642178580.0,6522732203.0,749.5524123,847.3824321,430035734.0,432376470.0,4.49657154083252
561,Tajikistan,2012,7697507.0,7874838.0,65.9,66.1,6522732203.0,7633049792.0,847.3824321,969.2961039,432376470.0,435309882.0,4.96652126312256
562,Tajikistan,2013,7874838.0,8059782.0,66.1,66.4,7633049792.0,8448469838.0,969.2961039,1048.225602,435309882.0,438216775.0,4.89615774154663
563,Tajikistan,2014,8059782.0,8252827.0,66.4,66.7,8448469838.0,9112544556.0,1048.225602,1104.172358,438216775.0,442816897.0,5.12421083450317
564,Tajikistan,2015,8252827.0,8454019.0,66.7,67.3,9112544556.0,8271454301.0,1104.172358,978.4049812,442816897.0,448119179.0,5.10372114181519
570,Tanzania,2006,38450323.0,39548666.0,54.349,55.119,18399046025.0,18649590248.0,492.6313477,485.4974365,3978593.0,5395919.0,4.3179497718811
571,Tanzania,2007,39548666.0,40681416.0,55.119,55.926,18649590248.0,21843529025.0,485.4974365,552.8394775,5395919.0,6009584.0,4.38474178314209
572,Tanzania,2008,40681416.0,41853944.0,55.926,56.777,21843529025.0,27941177435.0,552.8394775,687.3904419,6009584.0,6413235.0,3.40750789642334
573,Tanzania,2009,41853944.0,43073830.0,56.777,57.666,27941177435.0,29081425282.0,687.3904419,695.2168579,6413235.0,6257558.0,3.22912907600403
574,Tanzania,2010,43073830.0,44346532.0,57.666,58.584,29081425282.0,32014249841.0,695.2168579,743.4036865,6257558.0,6463282.0,4.07356214523315
575,Tanzania,2011,44346532.0,45673520.0,58.584,59.525,32014249841.0,34657139495.0,743.4036865,781.4338989,6463282.0,6287901.0,4.00689744949341
576,Tanzania,2012,45673520.0,47053033.0,59.525,60.47,34657139495.0,39650530214.0,781.4338989,867.8574829,6287901.0,7331722.0,3.85239481925964
577,Tanzania,2013,47053033.0,48483132.0,60.47,61.398,39650530214.0,45680532614.0,867.8574829,970.3995972,7331722.0,8661963.0,3.48327851295471
578,Tanzania,2014,48483132.0,49960563.0,61.398,62.288,45680532614.0,49964788814.0,970.3995972,1030.077637,8661963.0,10479890.0,3.66059732437134
579,Tanzania,2015,49960563.0,51482638.0,62.288,63.111,49964788814.0,47378599025.0,1030.077637,947.9333496,10479890.0,11478780.0,2.90273427963257
585,Thailand,2006,65416189.0,65812539.0,71.1,71.2,189319000000.0,221758000000.0,2894.062656,3369.543198,3429230240.0,3655560812.0,5.78389120101929
586,Thailand,2007,65812539.0,66182064.0,71.2,71.4,221758000000.0,262942000000.0,3369.543198,3973.017172,3655560812.0,3884970942.0,5.63647127151489
587,Thailand,2008,66182064.0,66530979.0,71.4,71.7,262942000000.0,291383000000.0,3973.017172,4379.658787,3884970942.0,4111844432.0,5.47564506530762
588,Thailand,2009,66530979.0,66866834.0,71.7,71.6,291383000000.0,281710000000.0,4379.658787,4213.006654,4111844432.0,4354118162.0,6.21670293807983
589,Thailand,2010,66866834.0,67195032.0,71.6,72.5,281710000000.0,341105000000.0,4213.006654,5076.339872,4354118162.0,4609523027.0,6.66360902786255
590,Thailand,2011,67195032.0,67518379.0,72.5,73.0,341105000000.0,370819000000.0,5076.339872,5492.1215,4609523027.0,4863135212.0,6.30023527145386
591,Thailand,2012,67518379.0,67835969.0,73.0,73.3,370819000000.0,397558000000.0,5492.1215,5860.581471,4863135212.0,5133403120.0,6.23102474212646
592,Thailand,2013,67835969.0,68144519.0,73.3,73.5,397558000000.0,420333000000.0,5860.581471,6168.261356,5133403120.0,5421000776.0,6.98546361923218
593,Thailand,2014,68144519.0,68438748.0,73.5,73.7,420333000000.0,407339000000.0,6168.261356,5951.883487,5421000776.0,5703649146.0,6.20176267623901
594,Thailand,2015,68438748.0,68714519.0,73.7,73.9,407339000000.0,401296000000.0,5951.883487,5840.053067,5703649146.0,5989336794.0,6.07363986968994
600,Turkey,2006,67903461.0,68756809.0,74.0,78.0,506308311477.0,557057829051.0,7456.296101,8101.856924,5486819690.0,5768468875.0,5.62347173690796
601,Turkey,2007,68756809.0,69581854.0,78.0,71.2,557057829051.0,681337335022.0,8101.856924,9791.88245,5768468875.0,6081205583.0,5.11823177337646
602,Turkey,2008,69581854.0,70418612.0,71.2,71.6,681337335022.0,770462156204.0,9791.88245,10941.17215,6081205583.0,6390526778.0,5.21284151077271
603,Turkey,2009,70418612.0,71321406.0,71.6,72.0,770462156204.0,649272568774.0,10941.17215,9103.474051,6390526778.0,6705886416.0,5.49034738540649
604,Turkey,2010,71321406.0,72326992.0,72.0,72.4,649272568774.0,776992599947.0,9103.474051,10742.77498,6705886416.0,7020266449.0,5.27194404602051
605,Turkey,2011,72326992.0,73443254.0,72.4,72.8,776992599947.0,838762755164.0,10742.77498,11420.55546,7020266449.0,7359748701.0,5.3090763092041
606,Turkey,2012,73443254.0,74651046.0,72.8,73.2,838762755164.0,880556375780.0,11420.55546,11795.63346,7359748701.0,7713414910.0,4.88817739486694
607,Turkey,2013,74651046.0,75925454.0,73.2,73.5,880556375780.0,957783020853.0,11795.63346,12614.78161,7713414910.0,8058635494.0,5.57979440689087
608,Turkey,2014,75925454.0,77229262.0,73.5,73.9,957783020853.0,938952628604.0,12614.78161,12157.99043,8058635494.0,8420310957.0,5.51446533203125
609,Turkey,2015,77229262.0,78529413.0,73.9,74.2,938952628604.0,864316670331.0,12157.99043,11006.27952,8420310957.0,8801642900.0,5.32622194290161
615,Uganda,2006,27684590.0,28571475.0,46.6,47.7,9239221859.0,9977647645.0,333.7315763,349.2171001,45056521.0,47439907.0,4.45583868026733
616,Uganda,2007,28571475.0,29486335.0,47.7,48.8,9977647645.0,11902564401.0,349.2171001,403.6637446,47439907.0,50149897.0,4.56861925125122
617,Uganda,2008,29486335.0,30431734.0,48.8,51.0,11902564401.0,14440404021.0,403.6637446,474.5179496,50149897.0,52929511.0,4.61198568344116
618,Uganda,2009,30431734.0,31411096.0,51.0,51.3,14440404021.0,25127805566.0,474.5179496,799.9658963,52929511.0,55929309.0,4.19288206100464
619,Uganda,2010,31411096.0,32428164.0,51.3,53.2,25127805566.0,26673441667.0,799.9658963,822.5393725,55929309.0,59498928.0,4.82600116729736
620,Uganda,2011,32428164.0,33476771.0,53.2,54.9,26673441667.0,27871725206.0,822.5393725,832.5690782,59498928.0,63322997.0,4.30923795700073
621,Uganda,2012,33476771.0,34558700.0,54.9,55.5,27871725206.0,27305915761.0,832.5690782,790.1314506,63322997.0,66949984.0,3.7095787525177
622,Uganda,2013,34558700.0,35694519.0,55.5,56.3,27305915761.0,28915786997.0,790.1314506,810.090395,66949984.0,70704514.0,3.7699191570282
623,Uganda,2014,35694519.0,36911530.0,56.3,57.5,28915786997.0,32612397758.0,810.090395,883.5287445,70704514.0,74794180.0,4.23768663406372
624,Uganda,2015,36911530.0,38225447.0,57.5,58.4,32612397758.0,32387183845.0,883.5287445,847.2676289,74794180.0,79319750.0,4.23326110839844
630,Ukraine,2006,46890775.0,46607397.0,67.5,67.7,89239370109.0,111885000000.0,1894.470825,2391.323975,26477095771.0,26809766108.0,5.25218152999878
631,Ukraine,2007,46607397.0,46366347.0,67.7,67.6,111885000000.0,148734000000.0,2391.323975,3197.934326,26809766108.0,27146130122.0,5.1723804473877
632,Ukraine,2008,46366347.0,46158709.0,67.6,67.6,148734000000.0,188111000000.0,3197.934326,4066.547852,27146130122.0,27471662835.0,5.16563940048218
633,Ukraine,2009,46158709.0,45970942.0,67.6,67.4,188111000000.0,121553000000.0,4066.547852,2639.391602,27471662835.0,27748956336.0,5.05756139755249
634,Ukraine,2010,45970942.0,45792086.0,67.4,67.0,121553000000.0,141210000000.0,2639.391602,3078.429932,27748956336.0,28043034658.0,5.08313274383545
635,Ukraine,2011,45792086.0,45619850.0,67.0,67.7,141210000000.0,169333000000.0,3078.429932,3704.824951,28043034658.0,28350987499.0,5.03034210205078
636,Ukraine,2012,45619850.0,45453805.0,67.7,67.5,169333000000.0,182592000000.0,3704.824951,4004.804443,28350987499.0,28654963929.0,4.71080255508423
637,Ukraine,2013,45453805.0,45286988.0,67.5,67.7,182592000000.0,190499000000.0,4004.804443,4187.739746,28654963929.0,28952213568.0,4.29732990264893
638,Ukraine,2014,45286988.0,45111530.0,67.7,69.2,190499000000.0,133503000000.0,4187.739746,3104.643311,28952213568.0,29209722174.0,3.96454286575317
639,Ukraine,2015,45111530.0,44921636.0,69.2,69.8,133503000000.0,91030959455.0,3104.643311,2124.662354,29209722174.0,29433544289.0,4.02869033813477
645,United Kingdom,2006,60287953.0,60821349.0,79.052,79.316,2544830000000.0,2717060000000.0,42132.09072,44654.09692,71321693012.0,71889264950.0,6.80193090438843
646,United Kingdom,2007,60821349.0,61455154.0,79.316,79.584,2717060000000.0,3106180000000.0,44654.09692,50653.25691,71889264950.0,72448501368.0,6.98646354675293
647,United Kingdom,2008,61455154.0,62145098.0,79.584,79.85,3106180000000.0,2938880000000.0,50653.25691,47549.34863,72448501368.0,72992999493.0,6.90654706954956
648,United Kingdom,2009,62145098.0,62828620.0,79.85,80.11,2938880000000.0,2425800000000.0,47549.34863,38952.21103,72992999493.0,73486894347.0,7.02936410903931
649,United Kingdom,2010,62828620.0,63459801.0,80.11,80.352,2425800000000.0,2491110000000.0,38952.21103,39688.61497,73486894347.0,73998525977.0,6.86924886703491
650,United Kingdom,2011,63459801.0,64021922.0,80.352,80.564,2491110000000.0,2674890000000.0,39688.61497,42284.88449,73998525977.0,74467979649.0,6.880784034729
651,United Kingdom,2012,64021922.0,64525300.0,80.564,80.739,2674890000000.0,2719160000000.0,42284.88449,42686.80005,74467979649.0,74955496204.0,6.91805505752563
652,United Kingdom,2013,64525300.0,64984015.0,80.739,80.876,2719160000000.0,2803290000000.0,42686.80005,43713.81412,74955496204.0,75432883692.0,6.75814771652222
653,United Kingdom,2014,64984015.0,65423048.0,80.876,80.978,2803290000000.0,3087170000000.0,43713.81412,47787.2413,75432883692.0,75871424691.0,6.51544523239136
654,United Kingdom,2015,65423048.0,65860149.0,80.978,81.052,3087170000000.0,2956570000000.0,47787.2413,45404.56777,75871424691.0,76293764798.0,6.82428359985352
660,United States,2006,294993509.0,297758977.0,77.685,77.892,13039200000000.0,13815600000000.0,44123.40707,46302.00088,334000000000.0,340000000000.0,7.51268768310547
661,United States,2007,297758977.0,300608425.0,77.892,78.101,13815600000000.0,14474200000000.0,46302.00088,48050.22378,340000000000.0,347000000000.0,7.28038597106934
662,United States,2008,300608425.0,303486022.0,78.101,78.303,14474200000000.0,14769900000000.0,48050.22378,48570.04598,347000000000.0,353000000000.0,7.15803241729736
663,United States,2009,303486022.0,306307565.0,78.303,78.49,14769900000000.0,14478100000000.0,48570.04598,47194.94335,353000000000.0,358000000000.0,7.16361618041992
664,United States,2010,306307565.0,309011469.0,78.49,78.652,14478100000000.0,15049000000000.0,47194.94335,48650.64313,358000000000.0,364000000000.0,7.1151385307312
665,United States,2011,309011469.0,311584051.0,78.652,78.777,15049000000000.0,15599700000000.0,48650.64313,50065.9665,364000000000.0,369000000000.0,7.02622699737549
666,United States,2012,311584051.0,314043885.0,78.777,78.862,15599700000000.0,16254000000000.0,50065.9665,51784.41857,369000000000.0,375000000000.0,7.24928522109985
667,United States,2013,314043885.0,316400539.0,78.862,78.909,16254000000000.0,16843200000000.0,51784.41857,53291.12769,375000000000.0,380000000000.0,7.15111446380615
668,United States,2014,316400539.0,318673422.0,78.909,78.922,16843200000000.0,17550700000000.0,53291.12769,55123.84979,380000000000.0,386000000000.0,6.86394691467285
669,United States,2015,318673422.0,320878312.0,78.922,78.91,17550700000000.0,18206000000000.0,55123.84979,56762.72945,386000000000.0,391000000000.0,6.80359983444214
675,Uruguay,2006,3321799.0,3325403.0,75.1,75.2,17362857684.0,19579457966.0,5226.9441,5887.845162,267413347.0,274010442.0,5.69394588470459
676,Uruguay,2007,3325403.0,3331753.0,75.2,75.4,19579457966.0,23410572634.0,5887.845162,7026.503055,274010442.0,279957943.0,5.66386985778809
677,Uruguay,2008,3331753.0,3340221.0,75.4,75.4,23410572634.0,30366213119.0,7026.503055,9091.079039,279957943.0,288159572.0,6.29622268676758
678,Uruguay,2009,3340221.0,3349676.0,75.4,75.4,30366213119.0,31660911277.0,9091.079039,9451.932449,288159572.0,296106343.0,6.06201076507568
679,Uruguay,2010,3349676.0,3359273.0,75.4,75.7,31660911277.0,40284481652.0,9451.932449,11992.02377,296106343.0,302404303.0,6.55404710769653
680,Uruguay,2011,3359273.0,3368926.0,75.7,76.2,40284481652.0,47962439304.0,11992.02377,14236.715,302404303.0,310056947.0,6.44972848892212
681,Uruguay,2012,3368926.0,3378975.0,76.2,75.4,47962439304.0,51264390116.0,14236.715,15171.58017,310056947.0,318648738.0,6.44446468353271
682,Uruguay,2013,3378975.0,3389436.0,75.4,76.4,51264390116.0,57531233351.0,15171.58017,16973.68924,318648738.0,326141111.0,6.56144380569458
683,Uruguay,2014,3389436.0,3400439.0,76.4,76.6,57531233351.0,57236013086.0,16973.68924,16831.94819,326141111.0,332825434.0,6.62808036804199
684,Uruguay,2015,3400439.0,3412013.0,76.6,76.3,57236013086.0,53274304222.0,16831.94819,15613.74597,332825434.0,339550899.0,6.17148542404175
690,Zimbabwe,2006,12076697.0,12155496.0,46.0,45.3,5755215200.0,5443896500.0,476.5554025,447.8547399,630859573.0,641225034.0,3.28024673461914
691,Zimbabwe,2007,12155496.0,12255920.0,45.3,44.8,5443896500.0,5291950100.0,447.8547399,431.7872587,641225034.0,651060195.0,3.17426371574402
692,Zimbabwe,2008,12255920.0,12379553.0,44.8,44.5,5291950100.0,4415702800.0,431.7872587,356.6932344,651060195.0,658780209.0,4.05591440200806
693,Zimbabwe,2009,12379553.0,12526964.0,44.5,44.3,4415702800.0,9665793300.0,356.6932344,771.5990323,658780209.0,664256525.0,4.68156957626343
694,Zimbabwe,2010,12526964.0,12697728.0,44.3,44.6,9665793300.0,12041655200.0,771.5990323,948.331481,664256525.0,672134841.0,4.84564161300659
695,Zimbabwe,2011,12697728.0,12894323.0,44.6,45.4,12041655200.0,14101920300.0,948.331481,1093.653409,672134841.0,681878824.0,4.95510053634644
696,Zimbabwe,2012,12894323.0,13115149.0,45.4,46.6,14101920300.0,17114849900.0,1093.653409,1304.968011,681878824.0,689761713.0,4.69018793106079
697,Zimbabwe,2013,13115149.0,13350378.0,46.6,48.2,17114849900.0,19091020000.0,1304.968011,1429.998461,689761713.0,701597967.0,4.18445062637329
698,Zimbabwe,2014,13350378.0,13586710.0,48.2,50.0,19091020000.0,19495519600.0,1429.998461,1434.896277,701597967.0,713503654.0,3.70319128036499
699,Zimbabwe,2015,13586710.0,13814642.0,50.0,52.4,19495519600.0,19963120600.0,1434.896277,1445.069702,713503654.0,725729475.0,3.73540019989014
10,Argentina,2016,43075416.0,43508459.0,75.5,75.7,594749000000.0,557531000000.0,13789.06042,12790.24247,7546787804.0,7737764998.0,6.03933000564575
11,Argentina,2017,43508459.0,43937143.0,75.7,75.9,557531000000.0,643629000000.0,12790.24247,14613.04182,7737764998.0,7925569727.0,5.79279661178589
25,Bangladesh,2016,156256287.0,157977151.0,69.9,73.0,195079000000.0,265236000000.0,1248.45331,1678.95323,1135228712.0,1211705809.0,4.3097710609436
26,Bangladesh,2017,157977151.0,159685421.0,73.0,77.0,265236000000.0,293755000000.0,1678.95323,1839.583378,1211705809.0,1292649322.0,4.49921703338623
40,Bolivia,2016,10869732.0,11031822.0,70.277,70.626,33000198249.0,33941126194.0,3035.971655,3076.656439,415394141.0,438189638.0,5.65055274963379
41,Bolivia,2017,11031822.0,11192853.0,70.626,70.945,33941126194.0,37508642171.0,3076.656439,3351.124344,438189638.0,461751406.0,5.91573429107666
55,Brazil,2016,204471759.0,206163056.0,73.8,74.1,1802210000000.0,1795690000000.0,8813.989806,8710.06329,13808138782.0,14300886782.0,6.3329291343689
56,Brazil,2017,206163056.0,207833825.0,74.1,74.5,1795690000000.0,2063510000000.0,8710.06329,9928.675897,14300886782.0,14801644497.0,6.19092178344727
70,Cambodia,2016,15521435.0,15766290.0,66.6,67.0,18049954289.0,20016747754.0,1162.904995,1269.591499,91302231.0,101835559.0,4.58584213256836
71,Cambodia,2017,15766290.0,16009413.0,67.0,67.4,20016747754.0,22177200512.0,1269.591499,1385.260066,101835559.0,114710465.0,5.1218376159668
85,Cameroon,2016,23298376.0,23926549.0,55.3,55.6,32210232912.0,33814337900.0,1382.50979,1413.255957,177358737.0,185173931.0,5.07405138015747
86,Cameroon,2017,23926549.0,24566070.0,55.6,55.9,33814337900.0,36098550142.0,1413.255957,1469.4475,185173931.0,192872431.0,5.25073766708374
100,Canada,2016,36026668.0,36382942.0,81.2,81.5,1556510000000.0,1527990000000.0,43596.13554,42315.60371,30750132962.0,31309699924.0,7.41486835479736
101,Canada,2017,36382942.0,36732091.0,81.5,81.6,1527990000000.0,1649270000000.0,42315.60371,45129.4293,31309699924.0,31879060360.0,7.17549657821655
115,Chile,2016,17969356.0,18209072.0,79.1,79.8,242497000000.0,249299000000.0,13495.01061,13690.90746,2482915104.0,2567307132.0,6.32011938095093
116,Chile,2017,18209072.0,18470435.0,79.8,79.9,249299000000.0,276365000000.0,13690.90746,14962.55685,2567307132.0,2651353160.0,6.43622064590454
130,China,2016,1406847868.0,1414049353.0,75.0,75.2,11061600000000.0,11233300000000.0,8016.431435,8094.363367,184000000000.0,194000000000.0,5.09906148910522
131,China,2017,1414049353.0,1421021794.0,75.2,75.4,11233300000000.0,12310400000000.0,8094.363367,8816.986905,194000000000.0,204000000000.0,5.13143396377563
145,Colombia,2016,47520667.0,48175048.0,73.6,74.2,293482000000.0,282825000000.0,6175.87603,5870.777957,2955160135.0,3048402114.0,6.15734195709229
146,Colombia,2017,48175048.0,48909844.0,74.2,74.3,282825000000.0,311884000000.0,5870.777957,6376.706716,3048402114.0,3134697902.0,5.98351240158081
160,Denmark,2016,5688695.0,5711346.0,79.2,79.7,302673000000.0,313116000000.0,53254.85637,54663.99837,3919114412.0,3956125798.0,7.59370231628418
161,Denmark,2017,5711346.0,5732277.0,79.7,80.0,313116000000.0,332121000000.0,54663.99837,57610.09818,3956125798.0,3990868885.0,7.64878559112549
175,Dominican Republic,2016,10281675.0,10397738.0,72.7,73.1,71164825257.0,75704720190.0,6921.520594,7280.88361,618067854.0,642712421.0,5.60520267486572
176,Dominican Republic,2017,10397738.0,10513111.0,73.1,72.1,75704720190.0,79997975622.0,7280.88361,7609.353275,642712421.0,666729343.0,5.43321561813354
190,Ecuador,2016,16212022.0,16491116.0,75.0,75.3,99290381000.0,99937696000.0,6124.490887,6060.092962,1013320438.0,1052824471.0,5.83951854705811
191,Ecuador,2017,16491116.0,16785356.0,75.3,75.5,99937696000.0,104296000000.0,6060.092962,6213.503127,1052824471.0,1092100464.0,6.12801027297974
205,Egypt,2016,92442549.0,94447071.0,70.0,74.0,329366576819.0,332441717791.0,3562.932658,3519.87324,5162711129.0,5396833763.0,3.92934417724609
206,Egypt,2017,94447071.0,96442590.0,74.0,72.0,332441717791.0,235733695652.0,3519.87324,2444.290387,5396833763.0,5647438524.0,4.00545072555542
220,El Salvador,2016,6325121.0,6356137.0,72.0,72.0,23438240000.0,24191430000.0,3705.579704,3805.995686,199860431.0,206506226.0,6.33931827545166
221,El Salvador,2017,6356137.0,6388124.0,72.0,73.0,24191430000.0,24979190000.0,3805.995686,3910.254403,206506226.0,212522043.0,6.2411994934082
235,Georgia,2016,4024180.0,4015457.0,73.8,73.9,14953950557.0,15141758567.0,4014.185944,4062.169888,608582745.0,618648980.0,4.45077466964722
236,Georgia,2017,4015457.0,4008723.0,73.9,74.2,15141758567.0,16242916916.0,4062.169888,4357.000936,618648980.0,628828522.0,4.65909719467163
250,Germany,2016,81787411.0,82193770.0,81.0,85.0,3357590000000.0,3469850000000.0,41103.25644,42136.12079,88939195779.0,89739882411.0,7.07432460784912
251,Germany,2017,82193770.0,82658409.0,85.0,86.0,3469850000000.0,3690850000000.0,42136.12079,44652.58917,89739882411.0,90525765329.0,7.11836433410645
265,Ghana,2016,27849203.0,28481947.0,69.0,61.2,49406568433.0,56165172899.0,1774.074771,1971.956935,291429885.0,307976954.0,5.48131084442139
266,Ghana,2017,28481947.0,29121464.0,61.2,61.6,56165172899.0,60406382899.0,1971.956935,2074.290733,307976954.0,321716500.0,5.00369310379028
280,India,2016,1310152392.0,1324517250.0,66.4,66.8,2103590000000.0,2294800000000.0,1605.605445,1732.554242,41932843845.0,44315067065.0,4.04611110687256
281,India,2017,1324517250.0,1338676779.0,66.8,67.3,2294800000000.0,2651470000000.0,1732.554242,1980.66702,44315067065.0,46748922819.0,3.81806874275208
295,Israel,2016,7978496.0,8108984.0,81.7,81.8,300078000000.0,319024000000.0,35808.43643,37330.2618,2080309704.0,2141528830.0,7.33103609085083
296,Israel,2017,8108984.0,8243849.0,81.8,81.8,319024000000.0,355277000000.0,37330.2618,40774.12961,2141528830.0,2200402028.0,6.92717885971069
310,Italy,2016,60578489.0,60663068.0,81.8,82.0,1836640000000.0,1877070000000.0,30242.38614,30960.73151,23035538202.0,23393598945.0,6.19887018203735
311,Italy,2017,60663068.0,60673694.0,82.0,82.0,1877070000000.0,1961800000000.0,30960.73151,32406.72032,23393598945.0,23746448857.0,6.51652669906616
325,Japan,2016,127985139.0,127763267.0,83.0,82.5,4444930000000.0,5003680000000.0,34960.63938,39375.47316,59953163599.0,61156881479.0,5.9106764793396
326,Japan,2017,127763267.0,127502728.0,82.5,83.3,5003680000000.0,4930840000000.0,39375.47316,38834.05293,61156881479.0,62345004321.0,5.79357528686523
340,Jordan,2016,9266573.0,9554286.0,73.4,73.6,38587017887.0,39892551127.0,4164.108769,4175.356602,574903362.0,599248984.0,4.80808258056641
341,Jordan,2017,9554286.0,9785840.0,73.6,73.7,39892551127.0,41408960845.0,4175.356602,4231.51828,599248984.0,624810262.0,4.63893365859985
355,Kazakhstan,2016,17572010.0,17830902.0,67.8,68.5,184388000000.0,137278000000.0,10510.77189,7714.841844,12407161642.0,12695847439.0,5.88235139846802
356,Kazakhstan,2017,17830902.0,18080023.0,68.5,69.1,137278000000.0,166806000000.0,7714.841844,9247.581331,12695847439.0,13003756325.0,6.00763607025146
370,Kenya,2016,47878339.0,49051531.0,63.0,61.2,70120413329.0,74815121315.0,1464.554009,1525.235192,381039585.0,398195568.0,4.47565412521362
371,Kenya,2017,49051531.0,50221146.0,61.2,62.1,74815121315.0,82035800868.0,1525.235192,1633.491216,398195568.0,414517880.0,4.65570259094238
385,Kosovo,2016,1804944.0,1771604.0,73.6,74.1,6295820482.0,6682832632.0,3520.766449,3759.560246,221943.4,202971.3,6.14919996261597
386,Kosovo,2017,1771604.0,1783531.0,74.1,74.6,6682832632.0,7180813376.0,3759.560246,4009.380987,202971.3,226627.7,6.39182567596436
400,Kyrgyzstan,2016,5959126.0,6074327.0,68.8,69.4,6678178340.0,6813092066.0,1120.664061,1121.620892,808551854.0,818198082.0,5.62953662872314
401,Kyrgyzstan,2017,6074327.0,6189727.0,69.4,69.9,6813092066.0,7702934800.0,1121.620892,1244.470847,818198082.0,827546156.0,5.29738330841064
415,Lithuania,2016,2931872.0,2889555.0,72.4,72.8,41435533340.0,43047309306.0,14263.96458,15008.31324,1489505521.0,1502856623.0,6.27294063568115
416,Lithuania,2017,2889555.0,2845419.0,72.8,73.0,43047309306.0,47758736932.0,15008.31324,16885.40739,1502856623.0,1516428455.0,6.30887889862061
430,Mexico,2016,121858251.0,123333379.0,75.6,76.1,1171870000000.0,1078490000000.0,9616.645558,8744.515559,17884570053.0,18367368105.0,6.41029930114746
431,Mexico,2017,123333379.0,124777326.0,76.1,76.3,1078490000000.0,1158910000000.0,8744.515559,9287.849587,18367368105.0,18827217256.0,6.54957866668701
445,Moldova,2016,4070705.0,4066013.0,71.478,71.617,7745241913.0,8071469355.0,2732.46073,2880.43529,1353358701.0,1358262372.0,5.32553052902222
446,Moldova,2017,4066013.0,4059687.0,71.617,71.717,8071469355.0,9669741744.0,2880.43529,3509.686829,1358262372.0,1363482883.0,5.6822772026062
460,Philippines,2016,102113206.0,103663812.0,67.9,68.0,306446000000.0,318627000000.0,3001.043182,3073.654686,2709843495.0,2832080804.0,5.5942702293396
461,Philippines,2017,103663812.0,105172921.0,68.0,68.1,318627000000.0,328481000000.0,3073.654686,3123.245642,2832080804.0,2966982614.0,5.8691725730896
475,Russia,2016,144985059.0,145275374.0,71.464,71.835,1363481063447.0,1276786979222.0,9404.28671,8788.736481,1640747000.0,1623124000.0,5.57874298095703
476,Russia,2017,145275374.0,145530091.0,71.835,72.139,1276786979222.0,1574199387071.0,8788.736481,10817.0027,1623124000.0,1573022000.0,5.51350021362305
490,Saudi Arabia,2016,31717676.0,32443443.0,73.7,73.9,654270000000.0,644936000000.0,20627.92178,19878.76817,12788069175.0,13427125661.0,6.29428243637085
491,Saudi Arabia,2017,32443443.0,33101182.0,73.9,74.1,644936000000.0,688586000000.0,19878.76817,20802.46179,13427125661.0,14066503627.0,6.35639333724976
505,South Africa,2016,55386369.0,56207649.0,58.0,58.9,346710000000.0,323586000000.0,6259.839681,5756.965741,18843258345.0,19308027414.0,4.51365518569946
506,South Africa,2017,56207649.0,57009751.0,58.9,59.2,323586000000.0,381449000000.0,5756.965741,6690.939847,19308027414.0,19772226154.0,4.88392210006714
520,South Korea,2016,50823087.0,50983446.0,82.1,82.379,1465773245547.0,1500111596236.0,28840.69686,29423.50339,602311600.0,588734300.0,5.87388706207275
521,South Korea,2017,50983446.0,51096408.0,82.379,82.628,1500111596236.0,1623901496836.0,29423.50339,31781.12827,588734300.0,607478500.0,5.84023141860962
535,Spain,2016,46671919.0,46634131.0,81.9,82.1,1195600000000.0,1232910000000.0,25742.36883,26523.34822,13587806073.0,13848564029.0,6.23017311096191
536,Spain,2017,46634131.0,46647425.0,82.1,82.0,1232910000000.0,1312540000000.0,26523.34822,28170.16786,13848564029.0,14123205992.0,6.51337099075317
550,Sweden,2016,9764949.0,9836003.0,81.5,81.7,505104000000.0,515655000000.0,51545.48361,51965.15715,4780432845.0,4823694854.0,7.28680467605591
551,Sweden,2017,9836003.0,9904895.0,81.7,81.7,515655000000.0,541019000000.0,51965.15715,53791.50873,4823694854.0,4866288582.0,7.37479209899902
565,Tajikistan,2016,8454019.0,8663575.0,67.3,68.1,8271454301.0,6992393787.0,978.4049812,807.1025861,448119179.0,454559091.0,5.82923412322998
566,Tajikistan,2017,8663575.0,8880270.0,68.1,68.8,6992393787.0,7536439875.0,807.1025861,848.6723799,454559091.0,462424105.0,5.49746894836426
580,Tanzania,2016,51482638.0,53049231.0,63.111,63.844,47378599025.0,49774021003.0,947.9333496,966.5029907,11478780.0,11382730.0,3.3471212387085
581,Tanzania,2017,53049231.0,54660345.0,63.844,64.479,49774021003.0,53320625959.0,966.5029907,1004.906616,11382730.0,12411550.0,3.44502329826355
595,Thailand,2016,68714519.0,68971313.0,73.9,74.1,401296000000.0,413366000000.0,5840.053067,5993.305516,5989336794.0,6272771329.0,5.9388952255249
596,Thailand,2017,68971313.0,69209817.0,74.1,74.3,413366000000.0,456357000000.0,5993.305516,6593.818352,6272771329.0,6558730892.0,6.01156187057495
610,Turkey,2016,78529413.0,79827868.0,74.2,74.5,864316670331.0,869692960366.0,11006.27952,10894.60338,8801642900.0,9202882638.0,5.607262134552
611,Turkey,2017,79827868.0,81116451.0,74.5,74.8,869692960366.0,858996263096.0,10894.60338,10589.66772,9202882638.0,9628211868.0,5.1856894493103
625,Uganda,2016,38225447.0,39649173.0,58.4,59.3,32387183845.0,29203988815.0,847.2676289,736.5598474,79319750.0,84110087.0,4.00051689147949
626,Uganda,2017,39649173.0,41166588.0,59.3,60.0,29203988815.0,30744473912.0,736.5598474,746.8307529,84110087.0,89483596.0,4.32171487808228
640,Ukraine,2016,44921636.0,44713708.0,69.8,75.0,91030959455.0,93355993629.0,2124.662354,2187.730469,29433544289.0,29667550244.0,4.3110671043396
641,Ukraine,2017,44713708.0,44487708.0,75.0,77.0,93355993629.0,112091000000.0,2187.730469,2638.326172,29667550244.0,29890635220.0,4.66190910339355
655,United Kingdom,2016,65860149.0,66297944.0,81.052,81.111,2956570000000.0,2722850000000.0,45404.56777,41499.5557,76293764798.0,76693102192.0,7.10327339172363
656,United Kingdom,2017,66297944.0,66727463.0,81.111,81.168,2722850000000.0,2699020000000.0,41499.5557,40857.75558,76693102192.0,77080667373.0,7.2334451675415
670,United States,2016,320878312.0,323015992.0,78.91,78.885,18206000000000.0,18695100000000.0,56762.72945,57866.74493,391000000000.0,396000000000.0,6.99175930023193
671,United States,2017,323015992.0,325084758.0,78.885,78.861,18695100000000.0,19479600000000.0,57866.74493,59914.7778,396000000000.0,401000000000.0,6.8826847076416
685,Uruguay,2016,3412013.0,3424139.0,76.3,77.0,53274304222.0,57236652490.0,15613.74597,16715.63347,339550899.0,346071339.0,6.33600997924805
686,Uruguay,2017,3424139.0,3436645.0,77.0,76.5,57236652490.0,64233966861.0,16715.63347,18690.89384,346071339.0,352233912.0,6.37171459197998
700,Zimbabwe,2016,13814642.0,14030338.0,52.4,54.9,19963120600.0,20548678100.0,1445.069702,1464.588957,725729475.0,736467042.0,3.63830018043518
701,Zimbabwe,2017,14030338.0,14236599.0,54.9,56.6,20548678100.0,17584890937.0,1464.588957,1235.189032,736467042.0,746048675.0,3.61647987365723
